name,attacks_slash_light_holding,attacks_slash_light_windup,attacks_slash_light_release,attacks_slash_light_recovery,attacks_slash_light_combo,attacks_slash_light_riposte,attacks_slash_light_feint,attacks_slash_light_thwack,attacks_slash_light_hitSuccess,attacks_slash_light_blocked,attacks_slash_light_worldHit,attacks_slash_light_damage,attacks_slash_light_staminaCost,attacks_slash_light_playRate,attacks_slash_light_drawStrength,attacks_slash_light_worldHitStartPercentage,attacks_slash_light_worldHitStopPercentage,attacks_slash_light_turnLimitStrength,attacks_slash_light_verticalTurnLimitStrength,attacks_slash_light_reverseTurnLimitStrength,attacks_slash_light_thwackOnHit,attacks_slash_light_hitSuccessOnHit,attacks_slash_light_direction,attacks_slash_light_altDirection,attacks_slash_light_cooldown,attacks_slash_light_weaponTipCheckReverse,attacks_slash_light_weaponTipCheckReverseAlt,attacks_slash_light_weaponTipCheckDisable,attacks_slash_light_comboFromBlocked,attacks_slash_heavy_holding,attacks_slash_heavy_windup,attacks_slash_heavy_release,attacks_slash_heavy_recovery,attacks_slash_heavy_combo,attacks_slash_heavy_riposte,attacks_slash_heavy_feint,attacks_slash_heavy_thwack,attacks_slash_heavy_hitSuccess,attacks_slash_heavy_blocked,attacks_slash_heavy_worldHit,attacks_slash_heavy_damage,attacks_slash_heavy_staminaCost,attacks_slash_heavy_playRate,attacks_slash_heavy_drawStrength,attacks_slash_heavy_worldHitStartPercentage,attacks_slash_heavy_worldHitStopPercentage,attacks_slash_heavy_turnLimitStrength,attacks_slash_heavy_verticalTurnLimitStrength,attacks_slash_heavy_reverseTurnLimitStrength,attacks_slash_heavy_thwackOnHit,attacks_slash_heavy_hitSuccessOnHit,attacks_slash_heavy_direction,attacks_slash_heavy_altDirection,attacks_slash_heavy_cooldown,attacks_slash_heavy_weaponTipCheckReverse,attacks_slash_heavy_weaponTipCheckReverseAlt,attacks_slash_heavy_weaponTipCheckDisable,attacks_slash_heavy_comboFromBlocked,attacks_overhead_light_holding,attacks_overhead_light_windup,attacks_overhead_light_release,attacks_overhead_light_recovery,attacks_overhead_light_combo,attacks_overhead_light_riposte,attacks_overhead_light_feint,attacks_overhead_light_thwack,attacks_overhead_light_hitSuccess,attacks_overhead_light_blocked,attacks_overhead_light_worldHit,attacks_overhead_light_damage,attacks_overhead_light_staminaCost,attacks_overhead_light_playRate,attacks_overhead_light_drawStrength,attacks_overhead_light_worldHitStartPercentage,attacks_overhead_light_worldHitStopPercentage,attacks_overhead_light_turnLimitStrength,attacks_overhead_light_verticalTurnLimitStrength,attacks_overhead_light_reverseTurnLimitStrength,attacks_overhead_light_thwackOnHit,attacks_overhead_light_hitSuccessOnHit,attacks_overhead_light_direction,attacks_overhead_light_altDirection,attacks_overhead_light_cooldown,attacks_overhead_light_weaponTipCheckReverse,attacks_overhead_light_weaponTipCheckReverseAlt,attacks_overhead_light_weaponTipCheckDisable,attacks_overhead_light_comboFromBlocked,attacks_overhead_heavy_holding,attacks_overhead_heavy_windup,attacks_overhead_heavy_release,attacks_overhead_heavy_recovery,attacks_overhead_heavy_combo,attacks_overhead_heavy_riposte,attacks_overhead_heavy_feint,attacks_overhead_heavy_thwack,attacks_overhead_heavy_hitSuccess,attacks_overhead_heavy_blocked,attacks_overhead_heavy_worldHit,attacks_overhead_heavy_damage,attacks_overhead_heavy_staminaCost,attacks_overhead_heavy_playRate,attacks_overhead_heavy_drawStrength,attacks_overhead_heavy_worldHitStartPercentage,attacks_overhead_heavy_worldHitStopPercentage,attacks_overhead_heavy_turnLimitStrength,attacks_overhead_heavy_verticalTurnLimitStrength,attacks_overhead_heavy_reverseTurnLimitStrength,attacks_overhead_heavy_thwackOnHit,attacks_overhead_heavy_hitSuccessOnHit,attacks_overhead_heavy_direction,attacks_overhead_heavy_altDirection,attacks_overhead_heavy_cooldown,attacks_overhead_heavy_weaponTipCheckReverse,attacks_overhead_heavy_weaponTipCheckReverseAlt,attacks_overhead_heavy_weaponTipCheckDisable,attacks_overhead_heavy_comboFromBlocked,attacks_stab_light_holding,attacks_stab_light_windup,attacks_stab_light_release,attacks_stab_light_recovery,attacks_stab_light_combo,attacks_stab_light_riposte,attacks_stab_light_feint,attacks_stab_light_thwack,attacks_stab_light_hitSuccess,attacks_stab_light_blocked,attacks_stab_light_worldHit,attacks_stab_light_damage,attacks_stab_light_staminaCost,attacks_stab_light_playRate,attacks_stab_light_drawStrength,attacks_stab_light_worldHitStartPercentage,attacks_stab_light_worldHitStopPercentage,attacks_stab_light_turnLimitStrength,attacks_stab_light_verticalTurnLimitStrength,attacks_stab_light_reverseTurnLimitStrength,attacks_stab_light_thwackOnHit,attacks_stab_light_hitSuccessOnHit,attacks_stab_light_direction,attacks_stab_light_altDirection,attacks_stab_light_cooldown,attacks_stab_light_weaponTipCheckReverse,attacks_stab_light_weaponTipCheckReverseAlt,attacks_stab_light_weaponTipCheckDisable,attacks_stab_light_comboFromBlocked,attacks_stab_heavy_holding,attacks_stab_heavy_windup,attacks_stab_heavy_release,attacks_stab_heavy_recovery,attacks_stab_heavy_combo,attacks_stab_heavy_riposte,attacks_stab_heavy_feint,attacks_stab_heavy_thwack,attacks_stab_heavy_hitSuccess,attacks_stab_heavy_blocked,attacks_stab_heavy_worldHit,attacks_stab_heavy_damage,attacks_stab_heavy_staminaCost,attacks_stab_heavy_playRate,attacks_stab_heavy_drawStrength,attacks_stab_heavy_worldHitStartPercentage,attacks_stab_heavy_worldHitStopPercentage,attacks_stab_heavy_turnLimitStrength,attacks_stab_heavy_verticalTurnLimitStrength,attacks_stab_heavy_reverseTurnLimitStrength,attacks_stab_heavy_thwackOnHit,attacks_stab_heavy_hitSuccessOnHit,attacks_stab_heavy_direction,attacks_stab_heavy_altDirection,attacks_stab_heavy_cooldown,attacks_stab_heavy_weaponTipCheckReverse,attacks_stab_heavy_weaponTipCheckReverseAlt,attacks_stab_heavy_weaponTipCheckDisable,attacks_stab_heavy_comboFromBlocked,attacks_special_holding,attacks_special_windup,attacks_special_release,attacks_special_recovery,attacks_special_combo,attacks_special_riposte,attacks_special_feint,attacks_special_thwack,attacks_special_hitSuccess,attacks_special_blocked,attacks_special_worldHit,attacks_special_damage,attacks_special_staminaCost,attacks_special_playRate,attacks_special_drawStrength,attacks_special_worldHitStartPercentage,attacks_special_worldHitStopPercentage,attacks_special_turnLimitStrength,attacks_special_verticalTurnLimitStrength,attacks_special_reverseTurnLimitStrength,attacks_special_thwackOnHit,attacks_special_hitSuccessOnHit,attacks_special_direction,attacks_special_altDirection,attacks_special_cooldown,attacks_special_weaponTipCheckReverse,attacks_special_weaponTipCheckReverseAlt,attacks_special_weaponTipCheckDisable,attacks_special_comboFromBlocked,attacks_throw_holding,attacks_throw_windup,attacks_throw_release,attacks_throw_recovery,attacks_throw_combo,attacks_throw_riposte,attacks_throw_feint,attacks_throw_thwack,attacks_throw_hitSuccess,attacks_throw_blocked,attacks_throw_worldHit,attacks_throw_damage,attacks_throw_staminaCost,attacks_throw_playRate,attacks_throw_drawStrength,attacks_throw_worldHitStartPercentage,attacks_throw_worldHitStopPercentage,attacks_throw_turnLimitStrength,attacks_throw_verticalTurnLimitStrength,attacks_throw_reverseTurnLimitStrength,attacks_throw_thwackOnHit,attacks_throw_hitSuccessOnHit,attacks_throw_direction,attacks_throw_altDirection,attacks_throw_cooldown,attacks_throw_weaponTipCheckReverse,attacks_throw_weaponTipCheckReverseAlt,attacks_throw_weaponTipCheckDisable,attacks_throw_comboFromBlocked,attacks_sprintAttack_holding,attacks_sprintAttack_windup,attacks_sprintAttack_release,attacks_sprintAttack_recovery,attacks_sprintAttack_combo,attacks_sprintAttack_riposte,attacks_sprintAttack_feint,attacks_sprintAttack_thwack,attacks_sprintAttack_hitSuccess,attacks_sprintAttack_blocked,attacks_sprintAttack_worldHit,attacks_sprintAttack_damage,attacks_sprintAttack_staminaCost,attacks_sprintAttack_playRate,attacks_sprintAttack_drawStrength,attacks_sprintAttack_worldHitStartPercentage,attacks_sprintAttack_worldHitStopPercentage,attacks_sprintAttack_turnLimitStrength,attacks_sprintAttack_verticalTurnLimitStrength,attacks_sprintAttack_reverseTurnLimitStrength,attacks_sprintAttack_thwackOnHit,attacks_sprintAttack_hitSuccessOnHit,attacks_sprintAttack_direction,attacks_sprintAttack_altDirection,attacks_sprintAttack_cooldown,attacks_sprintAttack_weaponTipCheckReverse,attacks_sprintAttack_weaponTipCheckReverseAlt,attacks_sprintAttack_weaponTipCheckDisable,attacks_sprintAttack_comboFromBlocked
Greatsword,0.35,325.0,550.0,1100.0,175.0,0.25,0.175,1.0,-1.0,0.75,-1.0,50.0,0.0,1.0,-1.0,-1.0,-1.0,50.0,50.0,50.0,-1,-1,-1,-1,0.0,-1,-1,-1,-1.0,0.35,575.0,550.0,1200.0,175.0,0.5,0.175,1.2,-1.0,0.75,-1.0,70.0,0.0,1.0,-1.0,-1.0,-1.0,52.5,50.0,50.0,-1,-1,-1,-1,0.0,-1,-1,-1,-1.0,0.35,325.0,525.0,1100.0,175.0,0.25,0.175,1.0,-1.0,0.75,-1.0,70.0,0.0,1.0,-1.0,-1.0,-1.0,47.5,50.0,50.0,-1,-1,-1,-1,0.0,-1,-1,-1,-1.0,0.35,575.0,525.0,1200.0,175.0,0.5,0.175,1.2,-1.0,0.75,-1.0,90.0,0.0,1.0,-1.0,-1.0,-1.0,50.0,50.0,50.0,-1,-1,-1,-1,0.0,-1,-1,-1,-1.0,0.35,350.0,425.0,1000.0,200.0,0.25,0.175,1.2,-1.0,0.75,-1.0,50.0,0.0,1.0,-1.0,-1.0,-1.0,52.5,50.0,-1.0,0,-1,-1,-1,0.0,-1,-1,-1,-1.0,0.35,600.0,400.0,1100.0,200.0,0.5,0.175,1.4,-1.0,0.75,-1.0,70.0,0.0,1.0,-1.0,-1.0,-1.0,55.0,50.0,-1.0,0,-1,-1,-1,0.0,-1,-1,-1,-1.0,0.35,1000.0,450.0,1350.0,200.0,1.0,0.175,-1.0,1.0,0.75,0.7,100.0,22.5,1.0,-1.0,-1.0,-1.0,50.0,50.0,-1.0,-1,-1,-1,-1,2.75,-1,-1,-1,-1.0,0.8,700.0,500.0,550.0,150.0,0.0,0.175,-1.0,-1.0,0.75,-1.0,60.0,17.5,1.0,-1.0,-1.0,-1.0,0.0,-1.0,-1.0,0,-1,-1,-1,0.0,-1,-1,-1,-1.0,-1.0,600.0,400.0,1000.0,200.0,-1.0,-1.0,-1.0,1.0,0.75,-1.0,100.0,15.0,1.0,-1.0,-1.0,-1.0,57.5,-1.0,-1.0,0,1,-1,-1,2.25,-1,-1,-1,-1.0
Greatsword Mounted,0.35,300.0,550.0,1100.0,175.0,0.25,0.175,0.8,-1.0,0.75,-1.0,50.0,0.0,1.0,-1.0,-1.0,-1.0,50.0,50.0,50.0,-1,-1,-1,-1,0.0,-1,-1,-1,-1.0,0.35,550.0,550.0,1200.0,175.0,0.5,0.175,1.0,-1.0,0.75,-1.0,70.0,0.0,1.0,-1.0,-1.0,-1.0,52.5,50.0,50.0,-1,-1,-1,-1,0.0,-1,-1,-1,-1.0,0.35,300.0,525.0,1100.0,175.0,0.25,0.175,0.8,-1.0,0.75,-1.0,70.0,0.0,1.0,-1.0,-1.0,-1.0,47.5,50.0,50.0,-1,-1,-1,-1,0.0,-1,-1,-1,-1.0,0.35,550.0,525.0,1200.0,175.0,0.5,0.175,1.0,-1.0,0.75,-1.0,90.0,0.0,1.0,-1.0,-1.0,-1.0,50.0,50.0,50.0,-1,-1,-1,-1,0.0,-1,-1,-1,-1.0,0.35,300.0,425.0,1000.0,200.0,0.25,0.175,0.8,-1.0,0.75,-1.0,50.0,0.0,1.0,-1.0,-1.0,-1.0,47.5,50.0,-1.0,0,-1,-1,-1,0.0,-1,-1,-1,-1.0,0.35,550.0,400.0,1100.0,200.0,0.5,0.175,1.0,-1.0,0.75,-1.0,70.0,0.0,1.0,-1.0,-1.0,-1.0,50.0,50.0,-1.0,0,-1,-1,-1,0.0,-1,-1,-1,-1.0,0.35,1000.0,450.0,1350.0,200.0,1.0,0.175,-1.0,1.0,0.75,0.7,100.0,22.5,1.0,-1.0,-1.0,-1.0,50.0,50.0,-1.0,-1,-1,-1,-1,2.75,-1,-1,-1,-1.0,0.8,700.0,500.0,550.0,150.0,0.0,0.175,-1.0,-1.0,0.75,-1.0,60.0,17.5,1.0,-1.0,-1.0,-1.0,0.0,-1.0,-1.0,0,-1,-1,-1,0.0,-1,-1,-1,-1.0,-1.0,600.0,400.0,1000.0,200.0,-1.0,-1.0,-1.0,1.0,0.75,-1.0,100.0,15.0,1.0,-1.0,-1.0,-1.0,57.5,-1.0,-1.0,0,-1,-1,-1,2.25,-1,-1,-1,-1.0
Highland Sword,0.35,425.0,650.0,1400.0,250.0,0.3,0.175,1.0,-1.0,0.75,-1.0,50.0,0.0,1.0,-1.0,-1.0,-1.0,55.0,50.0,50.0,-1,-1,-1,-1,0.0,-1,-1,-1,-1.0,0.35,625.0,680.0,1550.0,250.0,0.5,0.175,1.2,-1.0,0.75,-1.0,70.0,0.0,1.0,-1.0,-1.0,-1.0,57.5,50.0,50.0,-1,-1,-1,-1,0.0,-1,-1,-1,-1.0,0.35,475.0,650.0,1400.0,250.0,0.3,0.175,1.0,-1.0,0.75,-1.0,70.0,0.0,1.0,-1.0,-1.0,-1.0,47.5,50.0,50.0,-1,-1,-1,-1,0.0,-1,-1,-1,-1.0,0.35,625.0,680.0,1550.0,250.0,0.5,0.175,1.2,-1.0,0.75,-1.0,100.0,0.0,1.0,-1.0,-1.0,-1.0,50.0,50.0,50.0,-1,-1,-1,-1,0.0,-1,-1,-1,-1.0,0.35,425.0,450.0,1500.0,200.0,0.3,0.175,1.2,-1.0,0.75,-1.0,40.0,0.0,1.0,-1.0,-1.0,-1.0,52.5,50.0,-1.0,0,-1,-1,-1,0.0,-1,-1,-1,-1.0,0.35,625.0,425.0,1550.0,200.0,0.5,0.175,1.4,-1.0,0.75,-1.0,60.0,0.0,1.0,-1.0,-1.0,-1.0,55.0,50.0,-1.0,0,-1,-1,-1,0.0,-1,-1,-1,-1.0,0.35,900.0,800.0,1500.0,200.0,1.0,0.175,-1.0,1.0,0.75,0.7,55.0,35.0,1.0,-1.0,-1.0,-1.0,75.0,50.0,-1.0,-1,0,-1,-1,2.75,-1,-1,-1,-1.0,0.9,800.0,600.0,650.0,150.0,0.0,0.175,-1.0,-1.0,0.75,-1.0,80.0,17.5,1.0,-1.0,-1.0,-1.0,0.0,-1.0,-1.0,0,-1,-1,-1,0.0,-1,-1,-1,-1.0,-1.0,600.0,500.0,1000.0,200.0,-1.0,-1.0,-1.0,1.0,0.75,-1.0,100.0,15.0,1.0,-1.0,-1.0,-1.0,57.5,-1.0,-1.0,0,1,-1,-1,2.25,-1,-1,-1,-1.0
Longsword,0.35,225.0,475.0,800.0,150.0,0.0,0.175,0.9,-1.0,0.75,-1.0,40.0,0.0,1.0,-1.0,-1.0,-1.0,45.0,50.0,50.0,-1,-1,-1,-1,0.0,-1,-1,-1,-1.0,0.35,475.0,500.0,950.0,150.0,-1.0,0.175,0.95,-1.0,0.75,-1.0,60.0,0.0,1.0,-1.0,-1.0,-1.0,47.5,50.0,50.0,-1,-1,-1,-1,0.0,-1,-1,-1,-1.0,0.35,200.0,450.0,800.0,150.0,0.0,0.175,0.9,-1.0,0.75,-1.0,50.0,0.0,1.0,-1.0,-1.0,-1.0,45.0,50.0,50.0,-1,-1,-1,-1,0.0,-1,-1,-1,-1.0,0.35,450.0,450.0,950.0,150.0,-1.0,0.175,0.95,-1.0,0.75,-1.0,70.0,0.0,1.0,-1.0,-1.0,-1.0,47.5,50.0,50.0,-1,-1,-1,-1,0.0,-1,-1,-1,-1.0,0.35,275.0,400.0,800.0,200.0,0.0,0.175,1.0,-1.0,0.75,-1.0,55.0,0.0,1.0,-1.0,-1.0,-1.0,45.0,50.0,-1.0,0,-1,-1,-1,0.0,-1,-1,-1,-1.0,0.35,500.0,400.0,950.0,200.0,-1.0,0.175,1.2,-1.0,0.75,-1.0,65.0,0.0,1.0,-1.0,-1.0,-1.0,47.5,50.0,-1.0,0,-1,-1,-1,0.0,-1,-1,-1,-1.0,0.35,850.0,450.0,1200.0,200.0,0.95,0.175,-1.0,1.0,0.75,0.7,80.0,22.5,1.0,-1.0,-1.0,-1.0,50.0,50.0,-1.0,-1,-1,-1,-1,2.75,1,1,-1,-1.0,0.4,550.0,450.0,550.0,150.0,0.0,0.175,-1.0,-1.0,0.75,-1.0,50.0,17.5,1.0,-1.0,-1.0,-1.0,0.0,-1.0,-1.0,0,-1,-1,-1,0.0,-1,-1,-1,-1.0,-1.0,600.0,400.0,1000.0,200.0,-1.0,-1.0,-1.0,1.0,0.75,-1.0,80.0,15.0,1.0,-1.0,-1.0,-1.0,57.5,-1.0,-1.0,0,1,-1,-1,2.25,-1,-1,-1,-1.0
Messer,0.35,325.0,525.0,950.0,175.0,0.25,0.175,0.75,-1.0,0.75,-1.0,55.0,0.0,1.0,-1.0,-1.0,-1.0,45.0,50.0,50.0,-1,-1,-1,-1,0.0,-1,-1,-1,-1.0,0.35,525.0,550.0,1100.0,175.0,0.5,0.175,0.95,-1.0,0.75,-1.0,70.0,0.0,1.0,-1.0,-1.0,-1.0,47.5,50.0,50.0,-1,-1,-1,-1,0.0,-1,-1,-1,-1.0,0.35,325.0,500.0,950.0,175.0,0.25,0.175,0.75,-1.0,0.75,-1.0,70.0,0.0,1.0,-1.0,-1.0,-1.0,45.0,50.0,50.0,-1,-1,-1,-1,0.0,-1,-1,-1,-1.0,0.35,525.0,550.0,1100.0,175.0,0.5,0.175,0.95,-1.0,0.75,-1.0,80.0,0.0,1.0,-1.0,-1.0,-1.0,47.5,50.0,50.0,-1,-1,-1,-1,0.0,-1,-1,-1,-1.0,0.35,300.0,425.0,950.0,200.0,0.25,0.175,1.1,-1.0,0.75,-1.0,40.0,0.0,1.0,-1.0,-1.0,-1.0,50.0,50.0,-1.0,0,-1,-1,-1,0.0,-1,-1,-1,-1.0,0.35,525.0,425.0,1100.0,200.0,0.5,0.175,1.3,-1.0,0.75,-1.0,55.0,0.0,1.0,-1.0,-1.0,-1.0,52.5,50.0,-1.0,0,-1,-1,-1,0.0,-1,-1,-1,-1.0,0.35,900.0,450.0,1300.0,200.0,1.0,0.175,-1.0,1.0,0.75,0.7,90.0,22.5,1.0,-1.0,-1.0,-1.0,50.0,50.0,-1.0,-1,-1,-1,-1,2.75,-1,-1,-1,-1.0,0.4,600.0,450.0,550.0,150.0,0.0,0.175,-1.0,-1.0,0.75,-1.0,50.0,17.5,1.0,-1.0,-1.0,-1.0,0.0,-1.0,-1.0,0,-1,-1,-1,0.0,-1,-1,-1,-1.0,-1.0,600.0,400.0,1000.0,200.0,-1.0,-1.0,-1.0,1.0,0.75,-1.0,90.0,15.0,1.0,-1.0,-1.0,-1.0,57.5,-1.0,-1.0,0,1,-1,-1,2.25,-1,-1,-1,-1.0
Halberd,0.35,350.0,600.0,1050.0,150.0,0.25,0.175,1.2,-1.0,0.75,-1.0,45.0,0.0,1.0,-1.0,-1.0,-1.0,50.0,50.0,50.0,-1,-1,-1,-1,0.0,-1,-1,-1,-1.0,0.35,600.0,600.0,1200.0,150.0,0.5,0.175,1.4,-1.0,0.75,-1.0,60.0,0.0,1.0,-1.0,-1.0,-1.0,52.5,50.0,50.0,-1,-1,-1,-1,0.0,-1,-1,-1,-1.0,0.35,350.0,500.0,1050.0,150.0,0.25,0.175,1.2,-1.0,0.75,-1.0,55.0,0.0,1.0,-1.0,-1.0,-1.0,47.5,50.0,50.0,-1,-1,-1,-1,0.0,-1,-1,-1,-1.0,0.35,600.0,550.0,1200.0,150.0,0.5,0.175,1.4,-1.0,0.75,-1.0,70.0,0.0,1.0,-1.0,-1.0,-1.0,50.0,50.0,50.0,-1,-1,-1,-1,0.0,-1,-1,-1,-1.0,0.35,400.0,370.0,1000.0,200.0,0.25,0.175,1.2,-1.0,0.75,-1.0,55.0,0.0,1.0,-1.0,-1.0,-1.0,47.5,50.0,-1.0,0,-1,-1,-1,0.0,-1,-1,-1,-1.0,0.35,650.0,325.0,1150.0,200.0,0.5,0.175,1.4,-1.0,0.75,-1.0,70.0,0.0,1.0,-1.0,-1.0,-1.0,50.0,50.0,-1.0,0,-1,-1,-1,0.0,-1,-1,-1,-1.0,0.35,1050.0,600.0,1300.0,200.0,1.15,0.175,-1.0,1.0,0.75,0.7,85.0,22.5,1.0,-1.0,-1.0,-1.0,50.0,50.0,-1.0,-1,-1,-1,-1,2.75,-1,-1,-1,-1.0,0.6,650.0,500.0,550.0,150.0,0.0,0.175,-1.0,-1.0,0.75,-1.0,65.0,17.5,1.0,-1.0,-1.0,-1.0,0.0,-1.0,-1.0,0,-1,-1,-1,0.0,-1,-1,-1,-1.0,-1.0,600.0,400.0,1000.0,200.0,-1.0,-1.0,-1.0,1.0,0.75,-1.0,75.0,15.0,1.0,-1.0,-1.0,-1.0,60.0,-1.0,-1.0,0,1,-1,-1,2.25,-1,-1,-1,-1.0
Pole Axe,0.35,350.0,500.0,850.0,200.0,0.25,0.175,0.9,-1.0,0.75,-1.0,45.0,0.0,1.0,-1.0,-1.0,-1.0,47.5,50.0,50.0,-1,-1,-1,-1,0.0,-1,-1,-1,-1.0,0.35,600.0,550.0,1000.0,200.0,0.5,0.175,1.1,-1.0,0.75,-1.0,60.0,0.0,1.0,-1.0,-1.0,-1.0,50.0,50.0,50.0,-1,-1,-1,-1,0.0,-1,-1,-1,-1.0,0.35,300.0,500.0,850.0,200.0,0.25,0.175,0.9,-1.0,0.75,-1.0,50.0,0.0,1.0,-1.0,-1.0,-1.0,45.0,50.0,50.0,-1,-1,-1,-1,0.0,-1,-1,-1,-1.0,0.35,600.0,550.0,1000.0,200.0,0.5,0.175,1.1,-1.0,0.75,-1.0,70.0,0.0,1.0,-1.0,-1.0,-1.0,47.5,50.0,50.0,-1,-1,-1,-1,0.0,-1,-1,-1,-1.0,0.35,350.0,350.0,850.0,250.0,0.25,0.175,0.9,-1.0,0.75,-1.0,50.0,0.0,1.0,-1.0,-1.0,-1.0,45.0,50.0,-1.0,0,-1,-1,-1,0.0,-1,-1,-1,-1.0,0.35,600.0,400.0,1000.0,250.0,0.5,0.175,1.1,-1.0,0.75,-1.0,70.0,0.0,1.0,-1.0,-1.0,-1.0,47.5,50.0,-1.0,0,-1,-1,-1,0.0,-1,-1,-1,-1.0,0.35,1000.0,600.0,1200.0,200.0,1.1,0.175,-1.0,1.0,0.75,0.7,70.0,22.5,1.0,-1.0,-1.0,-1.0,50.0,50.0,-1.0,-1,-1,-1,-1,2.75,-1,-1,-1,-1.0,0.5,600.0,500.0,550.0,150.0,0.0,0.175,-1.0,-1.0,0.75,-1.0,50.0,17.5,1.0,-1.0,-1.0,-1.0,0.0,-1.0,-1.0,0,-1,-1,-1,0.0,-1,-1,-1,-1.0,-1.0,600.0,400.0,1000.0,200.0,-1.0,-1.0,-1.0,1.0,0.75,-1.0,65.0,15.0,1.0,-1.0,-1.0,-1.0,57.5,-1.0,-1.0,0,-1,-1,-1,2.25,-1,-1,-1,-1.0
Glaive,0.35,200.0,550.0,850.0,150.0,0.0,0.175,0.9,-1.0,0.75,-1.0,30.0,0.0,1.0,-1.0,-1.0,-1.0,47.5,50.0,50.0,-1,-1,-1,-1,0.0,-1,-1,-1,-1.0,0.35,450.0,550.0,1000.0,150.0,-1.0,0.175,1.1,-1.0,0.75,-1.0,50.0,0.0,1.0,-1.0,-1.0,-1.0,50.0,50.0,50.0,-1,-1,-1,-1,0.0,-1,-1,-1,-1.0,0.35,200.0,475.0,850.0,150.0,0.0,0.175,0.9,-1.0,0.75,-1.0,40.0,0.0,1.0,-1.0,-1.0,-1.0,45.0,50.0,50.0,-1,-1,-1,-1,0.0,-1,-1,-1,-1.0,0.35,450.0,500.0,1000.0,150.0,-1.0,0.175,1.1,-1.0,0.75,-1.0,60.0,0.0,1.0,-1.0,-1.0,-1.0,47.5,50.0,50.0,-1,-1,-1,-1,0.0,-1,-1,-1,-1.0,0.35,400.0,350.0,850.0,250.0,0.0,0.175,0.9,-1.0,0.75,-1.0,40.0,0.0,1.0,-1.0,-1.0,-1.0,45.0,50.0,-1.0,0,-1,-1,-1,0.0,-1,-1,-1,-1.0,0.35,650.0,400.0,1000.0,250.0,0.5,0.175,1.1,-1.0,0.75,-1.0,60.0,0.0,1.0,-1.0,-1.0,-1.0,47.5,50.0,-1.0,0,-1,-1,-1,0.0,-1,-1,-1,-1.0,0.35,900.0,550.0,1100.0,200.0,1.0,0.175,-1.0,1.0,0.75,0.7,60.0,22.5,1.0,-1.0,-1.0,-1.0,50.0,50.0,-1.0,-1,-1,-1,-1,2.75,-1,-1,-1,-1.0,0.5,600.0,500.0,550.0,150.0,0.0,0.175,-1.0,-1.0,0.75,-1.0,55.0,17.5,1.0,-1.0,-1.0,-1.0,0.0,-1.0,-1.0,0,-1,-1,-1,0.0,-1,-1,-1,-1.0,-1.0,600.0,400.0,1000.0,200.0,-1.0,-1.0,-1.0,1.0,0.75,-1.0,60.0,15.0,1.0,-1.0,-1.0,-1.0,57.5,-1.0,-1.0,0,-1,-1,-1,2.25,-1,-1,-1,-1.0
Dane Axe,0.35,275.0,500.0,800.0,175.0,0.0,0.175,0.9,-1.0,0.75,-1.0,50.0,0.0,1.0,-1.0,-1.0,-1.0,45.0,50.0,50.0,-1,-1,-1,-1,0.0,-1,-1,-1,-1.0,0.35,525.0,550.0,950.0,175.0,-1.0,0.175,1.1,-1.0,0.75,-1.0,70.0,0.0,1.0,-1.0,-1.0,-1.0,47.5,50.0,50.0,-1,-1,-1,-1,0.0,-1,-1,-1,-1.0,0.35,250.0,475.0,800.0,175.0,0.0,0.175,0.9,-1.0,0.75,-1.0,60.0,0.0,1.0,-1.0,-1.0,-1.0,45.0,50.0,50.0,-1,-1,-1,-1,0.0,-1,-1,-1,-1.0,0.35,500.0,500.0,950.0,175.0,-1.0,0.175,1.1,-1.0,0.75,-1.0,80.0,0.0,1.0,-1.0,-1.0,-1.0,47.5,50.0,50.0,-1,-1,-1,-1,0.0,-1,-1,-1,-1.0,0.35,300.0,400.0,800.0,200.0,0.0,0.175,0.9,-1.0,0.75,-1.0,40.0,0.0,1.0,-1.0,-1.0,-1.0,45.0,50.0,-1.0,0,-1,-1,-1,0.0,-1,-1,-1,-1.0,0.35,550.0,400.0,950.0,200.0,-1.0,0.175,1.1,-1.0,0.75,-1.0,60.0,0.0,1.0,-1.0,-1.0,-1.0,47.5,50.0,-1.0,0,-1,-1,-1,0.0,-1,-1,-1,-1.0,0.35,850.0,500.0,1000.0,200.0,0.95,0.175,-1.0,1.0,0.75,0.7,85.0,22.5,1.0,-1.0,-1.0,-1.0,50.0,50.0,-1.0,-1,1,-1,-1,2.75,-1,-1,-1,-1.0,0.4,450.0,570.0,550.0,150.0,0.0,0.175,-1.0,-1.0,0.75,-1.0,80.0,17.5,1.0,-1.0,-1.0,-1.0,0.0,-1.0,-1.0,0,-1,-1,-1,0.0,-1,-1,-1,-1.0,-1.0,600.0,400.0,1000.0,200.0,-1.0,-1.0,-1.0,1.0,0.75,-1.0,70.0,15.0,1.0,-1.0,-1.0,-1.0,57.5,-1.0,-1.0,0,1,-1,-1,2.25,-1,-1,-1,-1.0
Battle Axe,0.35,325.5,550.0,900.0,150.0,0.25,0.175,1.0,-1.0,0.75,-1.0,55.0,0.0,1.0,-1.0,-1.0,-1.0,47.5,50.0,50.0,-1,-1,-1,-1,0.0,-1,-1,-1,-1.0,0.35,575.5,600.0,1050.0,150.0,0.5,0.175,1.2,-1.0,0.75,-1.0,75.0,0.0,1.0,-1.0,-1.0,-1.0,50.0,50.0,50.0,-1,-1,-1,-1,0.0,-1,-1,-1,-1.0,0.35,350.0,525.0,950.0,150.0,0.25,0.175,1.0,-1.0,0.75,-1.0,65.0,0.0,1.0,-1.0,-1.0,-1.0,45.0,50.0,50.0,-1,-1,-1,-1,0.0,-1,-1,-1,-1.0,0.35,600.0,550.0,1050.0,150.0,0.5,0.175,1.2,-1.0,0.75,-1.0,85.0,0.0,1.0,-1.0,-1.0,-1.0,47.5,50.0,50.0,-1,-1,-1,-1,0.0,-1,-1,-1,-1.0,0.35,350.0,375.0,900.0,200.0,0.25,0.175,1.0,-1.0,0.75,-1.0,40.0,0.0,1.0,-1.0,-1.0,-1.0,45.0,50.0,-1.0,0,-1,-1,-1,0.0,-1,-1,-1,-1.0,0.35,600.0,375.0,1050.0,200.0,0.5,0.175,1.2,-1.0,0.75,-1.0,60.0,0.0,1.0,-1.0,-1.0,-1.0,47.5,50.0,-1.0,0,-1,-1,-1,0.0,-1,-1,-1,-1.0,0.35,1000.0,500.0,1300.0,200.0,1.1,0.175,-1.0,1.0,0.75,0.7,100.0,22.5,1.0,-1.0,-1.0,-1.0,50.0,50.0,-1.0,-1,-1,-1,-1,2.75,-1,-1,-1,-1.0,0.4,550.0,500.0,550.0,150.0,0.0,0.175,-1.0,-1.0,0.75,-1.0,70.0,17.5,1.0,-1.0,-1.0,-1.0,0.0,-1.0,-1.0,0,-1,-1,-1,0.0,-1,-1,-1,-1.0,-1.0,600.0,500.0,1000.0,200.0,-1.0,-1.0,-1.0,1.0,0.75,-1.0,80.0,15.0,1.0,-1.0,-1.0,-1.0,57.5,-1.0,-1.0,0,-1,-1,-1,2.25,-1,-1,-1,-1.0
War Axe,0.35,325.5,550.0,1000.0,175.0,0.25,0.175,1.0,-1.0,0.75,-1.0,50.0,0.0,1.0,-1.0,-1.0,-1.0,47.5,50.0,50.0,-1,-1,-1,-1,0.0,-1,-1,-1,-1.0,0.35,575.5,600.0,1150.0,175.0,0.5,0.175,1.2,-1.0,0.75,-1.0,70.0,0.0,1.0,-1.0,-1.0,-1.0,50.0,50.0,50.0,-1,-1,-1,-1,0.0,-1,-1,-1,-1.0,0.35,325.0,500.0,1000.0,175.0,0.25,0.175,1.0,-1.0,0.75,-1.0,60.0,0.0,1.0,-1.0,-1.0,-1.0,45.0,50.0,50.0,-1,-1,-1,-1,0.0,-1,-1,-1,-1.0,0.35,575.0,550.0,1150.0,175.0,0.5,0.175,1.2,-1.0,0.75,-1.0,80.0,0.0,1.0,-1.0,-1.0,-1.0,47.5,50.0,50.0,-1,-1,-1,-1,0.0,-1,-1,-1,-1.0,0.35,350.0,400.0,1000.0,200.0,0.25,0.175,1.0,-1.0,0.75,-1.0,35.0,0.0,1.0,-1.0,-1.0,-1.0,45.0,50.0,-1.0,0,-1,-1,-1,0.0,-1,-1,-1,-1.0,0.35,600.0,400.0,1150.0,200.0,0.5,0.175,1.2,-1.0,0.75,-1.0,55.0,0.0,1.0,-1.0,-1.0,-1.0,47.5,50.0,-1.0,0,-1,-1,-1,0.0,-1,-1,-1,-1.0,0.35,1100.0,500.0,1350.0,200.0,1.1,0.175,-1.0,1.0,0.75,0.7,90.0,22.5,1.0,-1.0,-1.0,-1.0,50.0,50.0,-1.0,-1,-1,-1,-1,2.75,-1,-1,-1,-1.0,0.4,550.0,500.0,550.0,150.0,0.0,0.175,-1.0,-1.0,0.75,-1.0,65.0,17.5,1.0,-1.0,-1.0,-1.0,0.0,-1.0,-1.0,0,-1,-1,-1,0.0,-1,-1,-1,-1.0,-1.0,600.0,500.0,1000.0,200.0,-1.0,-1.0,-1.0,1.0,0.75,-1.0,80.0,15.0,1.0,-1.0,-1.0,-1.0,57.5,-1.0,-1.0,0,-1,-1,-1,2.25,-1,-1,-1,-1.0
Executioners Axe,0.35,325.5,600.0,1100.0,225.0,0.25,0.175,1.0,-1.0,0.75,-1.0,45.0,0.0,1.0,-1.0,-1.0,-1.0,50.0,50.0,50.0,-1,-1,-1,-1,0.0,-1,-1,-1,-1.0,0.35,600.0,650.0,1250.0,225.0,0.5,0.175,1.2,-1.0,0.75,-1.0,70.0,0.0,1.0,-1.0,-1.0,-1.0,52.5,50.0,50.0,-1,-1,-1,-1,0.0,-1,-1,-1,-1.0,0.35,325.0,550.0,1100.0,225.0,0.25,0.175,1.0,-1.0,0.75,-1.0,60.0,0.0,1.0,-1.0,-1.0,-1.0,47.5,50.0,50.0,-1,-1,-1,-1,0.0,-1,-1,-1,-1.0,0.35,600.0,575.0,1250.0,225.0,0.5,0.175,1.2,-1.0,0.75,-1.0,70.0,0.0,1.0,-1.0,-1.0,-1.0,50.0,50.0,50.0,-1,-1,-1,-1,0.0,-1,-1,-1,-1.0,0.35,350.0,400.0,1100.0,225.0,0.25,0.175,1.0,-1.0,0.75,-1.0,30.0,0.0,1.0,-1.0,-1.0,-1.0,47.5,50.0,-1.0,0,-1,-1,-1,0.0,-1,-1,-1,-1.0,0.35,600.0,400.0,1250.0,225.0,0.5,0.175,1.2,-1.0,0.75,-1.0,50.0,0.0,1.0,-1.0,-1.0,-1.0,50.0,50.0,-1.0,0,-1,-1,-1,0.0,-1,-1,-1,-1.0,0.35,1100.0,500.0,1350.0,200.0,1.1,0.175,-1.0,1.0,0.75,0.7,80.0,22.5,1.0,-1.0,-1.0,-1.0,50.0,50.0,-1.0,-1,-1,-1,-1,2.75,-1,-1,-1,-1.0,0.4,550.0,500.0,550.0,150.0,0.0,0.175,-1.0,-1.0,0.75,-1.0,70.0,17.5,1.0,-1.0,-1.0,-1.0,0.0,-1.0,-1.0,0,-1,-1,-1,0.0,-1,-1,-1,-1.0,-1.0,600.0,500.0,1000.0,200.0,-1.0,-1.0,-1.0,1.0,0.75,-1.0,75.0,15.0,1.0,-1.0,-1.0,-1.0,57.5,-1.0,-1.0,0,-1,-1,-1,2.25,-1,-1,-1,-1.0
Heavy Mace,0.35,250.0,550.0,950.0,225.0,0.25,0.175,0.9,-1.0,0.75,-1.0,40.0,0.0,1.0,-1.0,-1.0,-1.0,47.5,50.0,50.0,1,-1,-1,-1,0.0,-1,-1,-1,-1.0,0.35,500.0,600.0,1100.0,225.0,0.5,0.175,1.1,-1.0,0.75,-1.0,60.0,0.0,1.0,-1.0,-1.0,-1.0,50.0,50.0,50.0,-1,-1,-1,-1,0.0,-1,-1,-1,-1.0,0.35,300.0,550.0,950.0,225.0,0.25,0.175,0.9,-1.0,0.75,-1.0,50.0,0.0,1.0,-1.0,-1.0,-1.0,45.0,50.0,50.0,1,-1,-1,-1,0.0,-1,-1,-1,-1.0,0.35,550.0,575.0,1100.0,225.0,0.5,0.175,1.1,-1.0,0.75,-1.0,70.0,0.0,1.0,-1.0,-1.0,-1.0,47.5,50.0,50.0,-1,-1,-1,-1,0.0,-1,-1,-1,-1.0,0.35,300.0,350.0,950.0,225.0,0.25,0.175,0.9,-1.0,0.75,-1.0,40.0,0.0,1.0,-1.0,-1.0,-1.0,45.0,50.0,-1.0,0,-1,-1,-1,0.0,-1,-1,-1,-1.0,0.35,550.0,350.0,1100.0,225.0,0.5,0.175,1.1,-1.0,0.75,-1.0,60.0,0.0,1.0,-1.0,-1.0,-1.0,47.5,50.0,-1.0,0,-1,-1,-1,0.0,-1,-1,-1,-1.0,0.35,1000.0,500.0,1300.0,200.0,1.1,0.175,-1.0,1.0,0.75,0.7,80.0,22.5,1.0,-1.0,-1.0,-1.0,50.0,50.0,-1.0,-1,-1,-1,-1,2.75,-1,-1,-1,-1.0,0.4,650.0,500.0,550.0,150.0,0.0,0.175,-1.0,-1.0,0.75,-1.0,40.0,17.5,1.0,-1.0,-1.0,-1.0,0.0,-1.0,-1.0,0,-1,-1,-1,0.0,-1,-1,-1,-1.0,-1.0,600.0,400.0,1000.0,200.0,-1.0,-1.0,-1.0,1.0,0.75,-1.0,65.0,15.0,1.0,-1.0,-1.0,-1.0,57.5,-1.0,-1.0,0,-1,-1,-1,2.25,-1,-1,-1,-1.0
War Club,0.35,200.0,500.0,800.0,150.0,0.0,0.175,0.9,-1.0,0.75,-1.0,30.0,0.0,1.0,-1.0,-1.0,-1.0,47.5,50.0,50.0,1,-1,-1,-1,0.0,-1,-1,-1,-1.0,0.35,400.0,550.0,950.0,150.0,-1.0,0.175,1.1,-1.0,0.75,-1.0,50.0,0.0,1.0,-1.0,-1.0,-1.0,50.0,50.0,50.0,-1,-1,-1,-1,0.0,-1,-1,-1,-1.0,0.35,200.0,500.0,800.0,150.0,0.0,0.175,0.9,-1.0,0.75,-1.0,45.0,0.0,1.0,-1.0,-1.0,-1.0,45.0,50.0,50.0,1,-1,-1,-1,0.0,-1,-1,-1,-1.0,0.35,400.0,525.0,950.0,150.0,-1.0,0.175,1.1,-1.0,0.75,-1.0,60.0,0.0,1.0,-1.0,-1.0,-1.0,47.5,50.0,50.0,-1,-1,-1,-1,0.0,-1,-1,-1,-1.0,0.35,300.0,350.0,800.0,200.0,0.0,0.175,0.9,-1.0,0.75,-1.0,35.0,0.0,1.0,-1.0,-1.0,-1.0,45.0,50.0,-1.0,0,-1,-1,-1,0.0,-1,-1,-1,-1.0,0.35,550.0,350.0,950.0,200.0,-1.0,0.175,1.1,-1.0,0.75,-1.0,45.0,0.0,1.0,-1.0,-1.0,-1.0,47.5,50.0,-1.0,0,-1,-1,-1,0.0,-1,-1,-1,-1.0,0.35,850.0,500.0,1100.0,200.0,0.95,0.175,-1.0,1.0,0.75,0.7,65.0,22.5,1.0,-1.0,-1.0,-1.0,50.0,50.0,-1.0,-1,-1,-1,-1,2.75,-1,-1,-1,-1.0,0.4,650.0,500.0,550.0,150.0,0.0,0.175,-1.0,-1.0,0.75,-1.0,35.0,17.5,1.0,-1.0,-1.0,-1.0,0.0,-1.0,-1.0,0,-1,-1,-1,0.0,-1,-1,-1,-1.0,-1.0,600.0,400.0,1000.0,200.0,-1.0,-1.0,-1.0,1.0,0.75,-1.0,55.0,15.0,1.0,-1.0,-1.0,-1.0,57.5,-1.0,-1.0,0,-1,-1,-1,2.25,-1,-1,-1,-1.0
Two Handed Hammer,0.35,275.0,525.0,900.0,150.0,0.25,0.175,0.9,-1.0,0.75,-1.0,40.0,0.0,1.0,-1.0,-1.0,-1.0,47.5,50.0,50.0,1,-1,-1,-1,0.0,-1,-1,-1,-1.0,0.35,575.0,550.0,1050.0,150.0,0.5,0.175,1.1,-1.0,0.75,-1.0,60.0,0.0,1.0,-1.0,-1.0,-1.0,50.0,50.0,50.0,-1,-1,-1,-1,0.0,-1,-1,-1,-1.0,0.35,325.0,500.0,900.0,150.0,0.25,0.175,0.9,-1.0,0.75,-1.0,50.0,0.0,1.0,-1.0,-1.0,-1.0,45.0,50.0,50.0,1,-1,-1,-1,0.0,-1,-1,-1,-1.0,0.35,625.0,525.0,1050.0,150.0,0.5,0.175,1.1,-1.0,0.75,-1.0,70.0,0.0,1.0,-1.0,-1.0,-1.0,47.5,50.0,50.0,-1,-1,-1,-1,0.0,-1,-1,-1,-1.0,0.35,300.0,350.0,900.0,200.0,0.25,0.175,0.9,-1.0,0.75,-1.0,35.0,0.0,1.0,-1.0,-1.0,-1.0,45.0,50.0,-1.0,0,-1,-1,-1,0.0,-1,-1,-1,-1.0,0.35,550.0,400.0,1050.0,200.0,0.5,0.175,1.1,-1.0,0.75,-1.0,55.0,0.0,1.0,-1.0,-1.0,-1.0,47.5,50.0,-1.0,0,-1,-1,-1,0.0,-1,-1,-1,-1.0,0.35,1100.0,500.0,1300.0,200.0,1.1,0.175,-1.0,1.0,0.75,0.7,80.0,22.5,1.0,-1.0,-1.0,-1.0,50.0,50.0,-1.0,-1,-1,-1,-1,2.75,-1,-1,-1,-1.0,0.4,650.0,500.0,550.0,150.0,0.0,0.175,-1.0,-1.0,0.75,-1.0,50.0,17.5,1.0,-1.0,-1.0,-1.0,0.0,-1.0,-1.0,0,-1,-1,-1,0.0,-1,-1,-1,-1.0,-1.0,600.0,400.0,1000.0,200.0,-1.0,-1.0,-1.0,1.0,0.75,-1.0,70.0,15.0,1.0,-1.0,-1.0,-1.0,57.5,-1.0,-1.0,0,-1,-1,-1,2.25,-1,-1,-1,-1.0
Maul,0.35,375.0,550.0,1150.0,250.0,0.25,0.175,1.45,-1.0,0.75,-1.0,50.0,0.0,1.0,-1.0,-1.0,-1.0,47.5,50.0,50.0,1,-1,-1,-1,0.0,-1,-1,-1,-1.0,0.35,675.0,600.0,1300.0,250.0,0.5,0.175,1.55,-1.0,0.75,-1.0,70.0,0.0,1.0,-1.0,-1.0,-1.0,50.0,50.0,50.0,-1,-1,-1,-1,0.0,-1,-1,-1,-1.0,0.35,450.0,525.0,1150.0,250.0,0.25,0.175,1.45,-1.0,0.75,-1.0,60.0,0.0,1.0,-1.0,-1.0,-1.0,45.0,50.0,50.0,1,-1,-1,-1,0.0,-1,-1,-1,-1.0,0.35,750.0,550.0,1300.0,250.0,0.5,0.175,1.55,-1.0,0.75,-1.0,80.0,0.0,1.0,-1.0,-1.0,-1.0,47.5,50.0,50.0,-1,-1,-1,-1,0.0,-1,-1,-1,-1.0,0.35,350.0,375.0,900.0,200.0,0.25,0.175,1.45,-1.0,0.75,-1.0,30.0,0.0,1.0,-1.0,-1.0,-1.0,45.0,50.0,-1.0,0,-1,-1,-1,0.0,-1,-1,-1,-1.0,0.35,600.0,375.0,1050.0,200.0,0.5,0.175,1.55,-1.0,0.75,-1.0,40.0,0.0,1.0,-1.0,-1.0,-1.0,47.5,50.0,-1.0,0,-1,-1,-1,0.0,-1,-1,-1,-1.0,0.35,1350.0,500.0,1350.0,200.0,1.25,0.175,-1.0,1.0,0.75,0.7,120.0,22.5,1.0,-1.0,-1.0,-1.0,50.0,50.0,-1.0,-1,-1,-1,-1,2.75,-1,-1,-1,-1.0,0.5,650.0,500.0,550.0,150.0,0.0,0.175,-1.0,-1.0,0.75,-1.0,50.0,17.5,1.0,-1.0,-1.0,-1.0,0.0,-1.0,-1.0,0,-1,-1,-1,0.0,-1,-1,-1,-1.0,-1.0,600.0,450.0,1000.0,200.0,-1.0,-1.0,-1.0,1.0,0.75,-1.0,85.0,15.0,1.0,-1.0,-1.0,-1.0,57.5,-1.0,-1.0,0,-1,-1,-1,2.25,-1,-1,-1,-1.0
Polehammer,0.35,300.0,575.0,1000.0,200.0,0.25,0.175,1.1,-1.0,0.75,-1.0,45.0,0.0,1.0,-1.0,-1.0,-1.0,50.0,50.0,50.0,1,-1,-1,-1,0.0,-1,-1,-1,-1.0,0.35,550.0,575.0,1150.0,200.0,0.5,0.175,1.2,-1.0,0.75,-1.0,60.0,0.0,1.0,-1.0,-1.0,-1.0,52.5,50.0,50.0,-1,-1,-1,-1,0.0,-1,-1,-1,-1.0,0.35,350.0,525.0,1000.0,200.0,0.25,0.175,1.1,-1.0,0.75,-1.0,50.0,0.0,1.0,-1.0,-1.0,-1.0,47.5,50.0,50.0,1,-1,-1,-1,0.0,-1,-1,-1,-1.0,0.35,600.0,550.0,1150.0,200.0,0.5,0.175,1.2,-1.0,0.75,-1.0,70.0,0.0,1.0,-1.0,-1.0,-1.0,50.0,50.0,50.0,-1,-1,-1,-1,0.0,-1,-1,-1,-1.0,0.35,300.0,400.0,1000.0,200.0,0.25,0.175,1.1,-1.0,0.75,-1.0,40.0,0.0,1.0,-1.0,-1.0,-1.0,47.5,50.0,-1.0,0,-1,-1,-1,0.0,-1,-1,-1,-1.0,0.35,550.0,420.0,1150.0,200.0,0.5,0.175,1.2,-1.0,0.75,-1.0,60.0,0.0,1.0,-1.0,-1.0,-1.0,50.0,50.0,-1.0,0,-1,-1,-1,0.0,-1,-1,-1,-1.0,0.35,1100.0,600.0,1350.0,200.0,1.2,0.175,-1.0,1.0,0.75,0.7,100.0,22.5,1.0,-1.0,-1.0,-1.0,50.0,50.0,-1.0,-1,-1,-1,-1,2.75,-1,-1,-1,-1.0,0.4,700.0,500.0,550.0,150.0,0.0,0.175,-1.0,-1.0,0.75,-1.0,35.0,17.5,1.0,-1.0,-1.0,-1.0,0.0,-1.0,-1.0,0,-1,-1,-1,0.0,-1,-1,-1,-1.0,-1.0,600.0,400.0,1000.0,200.0,-1.0,-1.0,-1.0,1.0,0.75,-1.0,80.0,15.0,1.0,-1.0,-1.0,-1.0,60.0,-1.0,-1.0,0,1,-1,-1,2.25,-1,-1,-1,-1.0
Katars,0.35,100.0,200.0,750.0,100.0,0.25,0.175,-1.0,-1.0,0.75,-1.0,40.0,0.0,1.0,-1.0,-1.0,-1.0,40.0,50.0,50.0,-1,-1,-1,-1,0.0,-1,-1,-1,-1.0,0.35,350.0,225.0,900.0,150.0,0.25,0.175,-1.0,-1.0,0.75,-1.0,50.0,0.0,1.0,-1.0,-1.0,-1.0,45.0,50.0,50.0,-1,-1,-1,-1,0.0,-1,-1,-1,-1.0,0.35,150.0,350.0,800.0,100.0,0.25,0.175,-1.0,-1.0,0.75,-1.0,30.0,0.0,1.0,-1.0,-1.0,-1.0,40.0,50.0,50.0,-1,-1,-1,-1,0.0,-1,-1,-1,-1.0,0.35,450.0,375.0,950.0,150.0,0.25,0.175,-1.0,-1.0,0.75,-1.0,45.0,0.0,1.0,-1.0,-1.0,-1.0,42.5,50.0,50.0,-1,-1,-1,-1,0.0,-1,-1,-1,-1.0,0.35,100.0,200.0,700.0,100.0,0.25,0.175,-1.0,-1.0,0.75,-1.0,45.0,0.0,1.0,-1.0,-1.0,-1.0,50.0,50.0,-1.0,0,-1,-1,-1,0.0,-1,-1,-1,-1.0,0.35,350.0,200.0,850.0,150.0,0.25,0.175,-1.0,-1.0,0.75,-1.0,55.0,0.0,1.0,-1.0,-1.0,-1.0,50.0,50.0,-1.0,0,-1,-1,-1,0.0,-1,-1,-1,-1.0,0.35,400.0,360.0,900.0,200.0,0.95,0.175,-1.0,1.0,0.75,0.7,30.0,22.5,1.0,-1.0,-1.0,-1.0,55.0,50.0,-1.0,-1,-1,-1,-1,2.75,-1,-1,-1,-1.0,0.4,600.0,400.0,550.0,150.0,0.0,0.175,-1.0,-1.0,0.75,-1.0,25.0,17.5,1.0,-1.0,-1.0,-1.0,0.0,-1.0,-1.0,0,-1,-1,-1,0.0,-1,-1,-1,-1.0,-1.0,600.0,400.0,1000.0,225.0,-1.0,-1.0,-1.0,1.0,0.75,-1.0,60.0,15.0,1.0,-1.0,-1.0,-1.0,57.5,-1.0,-1.0,0,1,-1,-1,2.25,-1,-1,-1,-1.0
Spear,0.35,350.0,350.0,900.0,325.0,0.25,0.175,0.9,-1.0,0.75,-1.0,40.0,0.0,1.0,-1.0,-1.0,-1.0,47.5,50.0,50.0,-1,-1,None,None,0.0,-1,-1,-1,-1.0,0.35,600.0,400.0,1050.0,325.0,0.5,0.175,1.1,-1.0,0.75,-1.0,60.0,0.0,1.0,-1.0,-1.0,-1.0,50.0,50.0,50.0,-1,-1,None,None,0.0,-1,-1,-1,-1.0,0.35,250.0,450.0,850.0,325.0,0.25,0.175,0.9,-1.0,0.75,-1.0,30.0,0.0,1.0,-1.0,-1.0,-1.0,40.0,50.0,50.0,-1,-1,-1,-1,0.0,-1,-1,-1,-1.0,0.35,500.0,500.0,1000.0,325.0,0.5,0.175,1.1,-1.0,0.75,-1.0,50.0,0.0,1.0,-1.0,-1.0,-1.0,42.5,50.0,50.0,-1,-1,-1,-1,0.0,-1,-1,-1,-1.0,0.35,350.0,350.0,900.0,325.0,0.25,0.175,0.9,-1.0,0.75,-1.0,50.0,0.0,1.0,-1.0,-1.0,-1.0,50.0,50.0,-1.0,0,-1,-1,-1,0.0,-1,-1,-1,-1.0,0.35,600.0,400.0,1050.0,325.0,0.5,0.175,1.1,-1.0,0.75,-1.0,70.0,0.0,1.0,-1.0,-1.0,-1.0,52.5,50.0,-1.0,0,-1,-1,-1,0.0,-1,-1,-1,-1.0,0.35,700.0,-1,-1,200.0,0.8,0.175,-1.0,1.0,0.75,0.7,70.0,22.5,1.0,-1.0,-1.0,-1.0,65.0,50.0,-1.0,-1,-1,-1,-1,2.75,-1,-1,-1,-1.0,0.4,1000.0,450.0,550.0,150.0,0.0,0.175,-1.0,-1.0,0.75,-1.0,70.0,17.5,1.0,-1.0,-1.0,-1.0,0.0,-1.0,-1.0,0,-1,-1,-1,0.0,-1,-1,-1,-1.0,-1.0,600.0,400.0,1000.0,200.0,-1.0,-1.0,-1.0,1.0,0.75,-1.0,70.0,15.0,1.0,-1.0,-1.0,-1.0,70.0,-1.0,-1.0,0,1,-1,-1,2.25,-1,-1,-1,-1.0
Javelin,0.35,250.0,350.0,850.0,200.0,0.0,0.175,0.9,-1.0,0.75,-1.0,30.0,0.0,1.0,-1.0,-1.0,-1.0,47.5,50.0,50.0,1,-1,None,None,0.0,-1,-1,-1,-1.0,0.35,500.0,375.0,1000.0,200.0,0.0,0.175,0.9,-1.0,0.75,-1.0,50.0,0.0,1.0,-1.0,-1.0,-1.0,50.0,50.0,50.0,-1,-1,None,None,0.0,-1,-1,-1,-1.0,0.35,250.0,425.0,800.0,200.0,0.0,0.175,0.9,-1.0,0.75,-1.0,35.0,0.0,1.0,-1.0,-1.0,-1.0,45.0,50.0,50.0,1,-1,-1,-1,0.0,-1,-1,-1,-1.0,0.35,500.0,400.0,950.0,200.0,-1.0,0.175,0.9,-1.0,0.75,-1.0,55.0,0.0,1.0,-1.0,-1.0,-1.0,47.5,50.0,50.0,1,-1,-1,-1,0.0,-1,-1,-1,-1.0,0.35,200.0,300.0,850.0,250.0,0.0,0.175,0.9,-1.0,0.75,-1.0,40.0,0.0,1.0,-1.0,-1.0,-1.0,50.0,50.0,-1.0,0,-1,-1,-1,0.0,-1,-1,-1,-1.0,0.35,450.0,350.0,1000.0,250.0,-1.0,0.175,0.9,-1.0,0.75,-1.0,60.0,0.0,1.0,-1.0,-1.0,-1.0,52.5,50.0,-1.0,0,-1,-1,-1,0.0,-1,-1,-1,-1.0,0.35,700.0,350.0,900.0,200.0,0.8,0.175,-1.0,1.0,0.75,0.7,50.0,22.5,1.0,-1.0,-1.0,-1.0,50.0,50.0,-1.0,-1,-1,-1,-1,2.75,-1,-1,-1,-1.0,0.4,700.0,500.0,600.0,150.0,0.0,0.175,-1.0,-1.0,0.75,-1.0,85.0,10.0,1.0,-1.0,-1.0,-1.0,0.0,-1.0,-1.0,0,-1,-1,-1,0.0,-1,-1,-1,-1.0,-1.0,700.0,550.0,1000.0,200.0,-1.0,0.0,-1.0,1.0,0.75,-1.0,65.0,15.0,1.0,-1.0,-1.0,-1.0,60.0,-1.0,-1.0,0,1,-1,-1,2.25,-1,-1,-1,-1.0
Javelin Mounted,0.35,250.0,350.0,850.0,200.0,0.0,0.175,-1.0,-1.0,0.75,-1.0,30.0,0.0,1.0,-1.0,-1.0,-1.0,40.0,50.0,50.0,1,-1,None,None,0.0,-1,-1,-1,-1.0,0.35,450.0,400.0,1000.0,200.0,0.0,0.175,-1.0,-1.0,0.75,-1.0,50.0,0.0,1.0,-1.0,-1.0,-1.0,45.0,50.0,50.0,-1,-1,None,None,0.0,-1,-1,-1,-1.0,0.35,250.0,450.0,800.0,150.0,0.0,0.175,-1.0,-1.0,0.75,-1.0,35.0,0.0,1.0,-1.0,-1.0,-1.0,40.0,50.0,50.0,1,-1,-1,-1,0.0,-1,-1,-1,-1.0,0.35,550.0,500.0,950.0,150.0,-1.0,0.175,-1.0,-1.0,0.75,-1.0,55.0,0.0,1.0,-1.0,-1.0,-1.0,42.5,50.0,50.0,1,-1,-1,-1,0.0,-1,-1,-1,-1.0,0.35,300.0,350.0,850.0,250.0,0.0,0.175,-1.0,-1.0,0.75,-1.0,40.0,0.0,1.0,-1.0,-1.0,-1.0,40.0,50.0,-1.0,0,-1,-1,-1,0.0,-1,-1,-1,-1.0,0.35,650.0,400.0,1000.0,250.0,-1.0,0.175,-1.0,-1.0,0.75,-1.0,60.0,0.0,1.0,-1.0,-1.0,-1.0,42.5,50.0,-1.0,0,-1,-1,-1,0.0,-1,-1,-1,-1.0,0.35,700.0,550.0,900.0,200.0,0.8,0.175,-1.0,1.0,0.75,0.7,50.0,22.5,1.0,-1.0,-1.0,-1.0,50.0,50.0,-1.0,-1,-1,-1,-1,2.75,-1,-1,-1,-1.0,0.4,700.0,500.0,550.0,150.0,0.0,0.175,-1.0,-1.0,0.75,-1.0,85.0,17.5,1.0,-1.0,-1.0,-1.0,0.0,-1.0,-1.0,0,-1,-1,-1,0.0,-1,-1,-1,-1.0,-1.0,600.0,400.0,1000.0,200.0,-1.0,0.0,-1.0,1.0,0.75,-1.0,65.0,15.0,1.0,-1.0,-1.0,-1.0,60.0,-1.0,-1.0,0,1,-1,-1,2.25,-1,-1,-1,-1.0
Lance,0.35,300.0,350.0,900.0,200.0,0.15,0.175,-1.0,-1.0,0.75,-1.0,40.0,0.0,1.0,-1.0,-1.0,-1.0,55.0,50.0,50.0,-1,-1,-1,-1,0.0,-1,-1,-1,-1.0,0.35,550.0,350.0,1000.0,200.0,-1.0,0.175,-1.0,-1.0,0.75,-1.0,55.0,0.0,1.0,-1.0,-1.0,-1.0,57.5,50.0,50.0,-1,-1,-1,-1,0.0,-1,-1,-1,-1.0,0.35,250.0,450.0,900.0,150.0,0.0,0.175,-1.0,-1.0,0.75,-1.0,25.0,0.0,1.0,-1.0,-1.0,-1.0,40.0,50.0,50.0,1,-1,-1,-1,0.0,-1,-1,-1,-1.0,0.35,500.0,400.0,1000.0,150.0,-1.0,0.175,-1.0,-1.0,0.75,-1.0,40.0,0.0,1.0,-1.0,-1.0,-1.0,42.5,50.0,50.0,1,-1,-1,-1,0.0,-1,-1,-1,-1.0,0.35,350.0,350.0,900.0,200.0,0.0,0.175,-1.0,-1.0,0.75,-1.0,50.0,0.0,1.0,-1.0,-1.0,-1.0,57.5,50.0,-1.0,0,-1,-1,-1,0.0,-1,-1,-1,-1.0,0.35,650.0,300.0,1000.0,200.0,-1.0,0.175,-1.0,-1.0,0.75,-1.0,65.0,0.0,1.0,-1.0,-1.0,-1.0,60.0,50.0,-1.0,0,-1,-1,-1,0.0,-1,-1,-1,-1.0,-1.0,-1,-1,-1,200.0,-1.0,0.175,-1.0,1.0,0.75,0.7,50.0,22.5,1.0,-1.0,-1.0,-1.0,50.0,50.0,-1.0,1,1,-1,-1,2.75,-1,-1,-1,-1.0,0.4,700.0,450.0,550.0,150.0,0.0,0.175,-1.0,-1.0,0.75,-1.0,50.0,17.5,1.0,-1.0,-1.0,-1.0,0.0,-1.0,-1.0,0,-1,-1,-1,0.0,-1,-1,-1,-1.0,-1.0,600.0,400.0,1000.0,200.0,-1.0,-1.0,-1.0,1.0,0.75,-1.0,50.0,15.0,1.0,-1.0,-1.0,-1.0,90.0,-1.0,-1.0,0,1,-1,-1,2.25,-1,-1,-1,-1.0
Lance Mounted,0.35,300.0,350.0,900.0,250.0,0.15,0.175,-1.0,-1.0,0.75,-1.0,40.0,0.0,1.0,-1.0,-1.0,-1.0,40.0,50.0,50.0,-1,-1,-1,-1,0.0,-1,-1,-1,-1.0,0.35,550.0,350.0,1000.0,250.0,-1.0,0.175,-1.0,-1.0,0.75,-1.0,55.0,0.0,1.0,-1.0,-1.0,-1.0,45.0,50.0,50.0,-1,-1,-1,-1,0.0,-1,-1,-1,-1.0,0.35,250.0,450.0,900.0,150.0,0.0,0.175,-1.0,-1.0,0.75,-1.0,25.0,0.0,1.0,-1.0,-1.0,-1.0,40.0,50.0,50.0,1,-1,-1,-1,0.0,-1,-1,-1,-1.0,0.35,500.0,400.0,1000.0,150.0,-1.0,0.175,-1.0,-1.0,0.75,-1.0,40.0,0.0,1.0,-1.0,-1.0,-1.0,42.5,50.0,50.0,1,-1,-1,-1,0.0,-1,-1,-1,-1.0,0.35,350.0,350.0,900.0,250.0,0.0,0.175,-1.0,-1.0,0.75,-1.0,50.0,0.0,1.0,-1.0,-1.0,-1.0,40.0,50.0,-1.0,0,-1,-1,-1,0.0,-1,-1,-1,-1.0,0.35,650.0,300.0,1000.0,250.0,-1.0,0.175,-1.0,-1.0,0.75,-1.0,65.0,0.0,1.0,-1.0,-1.0,-1.0,42.5,50.0,-1.0,0,-1,-1,-1,0.0,-1,-1,-1,-1.0,-1.0,-1,-1,-1,200.0,-1.0,0.175,-1.0,1.0,0.75,0.7,50.0,22.5,1.0,-1.0,-1.0,-1.0,50.0,50.0,-1.0,1,-1,-1,-1,2.75,-1,-1,-1,-1.0,0.4,700.0,450.0,550.0,150.0,0.0,0.175,-1.0,-1.0,0.75,-1.0,50.0,17.5,1.0,-1.0,-1.0,-1.0,0.0,-1.0,-1.0,0,-1,-1,-1,0.0,-1,-1,-1,-1.0,-1.0,600.0,400.0,1000.0,200.0,-1.0,-1.0,-1.0,1.0,0.75,-1.0,40.0,15.0,1.0,-1.0,-1.0,-1.0,57.5,-1.0,-1.0,0,-1,-1,-1,2.25,-1,-1,-1,-1.0
Quarterstaff,0.35,125.0,400.0,700.0,225.0,0.25,0.175,0.8,-1.0,0.75,-1.0,35.0,0.0,1.0,-1.0,-1.0,-1.0,40.0,50.0,50.0,1,-1,-1,-1,0.0,-1,1,-1,-1.0,0.35,375.0,450.0,850.0,225.0,0.5,0.175,1.0,-1.0,0.75,-1.0,50.0,0.0,1.0,-1.0,-1.0,-1.0,45.0,50.0,50.0,-1,-1,-1,-1,0.0,-1,-1,-1,-1.0,0.35,200.0,500.0,800.0,150.0,0.25,0.175,0.9,-1.0,0.75,-1.0,45.0,0.0,1.0,-1.0,-1.0,-1.0,45.0,50.0,50.0,1,-1,-1,-1,0.0,-1,-1,-1,-1.0,0.35,400.0,525.0,950.0,150.0,0.5,0.175,1.1,-1.0,0.75,-1.0,60.0,0.0,1.0,-1.0,-1.0,-1.0,47.5,50.0,50.0,-1,-1,-1,-1,0.0,-1,-1,-1,-1.0,0.35,350.0,350.0,900.0,325.0,0.25,0.175,0.9,-1.0,0.75,-1.0,30.0,0.0,1.0,-1.0,-1.0,-1.0,50.0,50.0,-1.0,1,-1,-1,-1,0.0,-1,1,-1,-1.0,0.35,600.0,400.0,1050.0,325.0,0.5,0.175,1.1,-1.0,0.75,-1.0,40.0,0.0,1.0,-1.0,-1.0,-1.0,52.5,50.0,-1.0,0,-1,-1,-1,0.0,-1,-1,-1,-1.0,0.35,900.0,550.0,1200.0,200.0,1.15,0.175,-1.0,1.0,0.75,0.7,30.0,22.5,1.0,-1.0,-1.0,-1.0,40.0,50.0,-1.0,0,0,-1,-1,2.75,-1,-1,-1,-1.0,0.6,650.0,500.0,550.0,150.0,0.0,0.175,-1.0,-1.0,0.75,-1.0,20.0,17.5,1.0,-1.0,-1.0,-1.0,0.0,-1.0,-1.0,0,-1,-1,-1,0.0,-1,-1,-1,-1.0,-1.0,600.0,400.0,1000.0,200.0,-1.0,-1.0,-1.0,1.0,0.75,-1.0,45.0,15.0,1.0,-1.0,-1.0,-1.0,60.0,-1.0,-1.0,0,1,-1,-1,2.25,-1,-1,-1,-1.0
Goedendag,0.35,400.0,475.0,1300.0,250.0,0.25,0.175,1.45,-1.0,0.75,-1.0,40.0,0.0,1.0,-1.0,-1.0,-1.0,47.5,50.0,50.0,1,-1,-1,-1,0.0,-1,-1,-1,-1.0,0.35,700.0,500.0,1450.0,250.0,0.5,0.175,1.55,-1.0,0.75,-1.0,55.0,0.0,1.0,-1.0,-1.0,-1.0,50.0,50.0,50.0,-1,-1,-1,-1,0.0,-1,-1,-1,-1.0,0.35,500.0,450.0,1300.0,250.0,0.25,0.175,1.45,-1.0,0.75,-1.0,45.0,0.0,1.0,-1.0,-1.0,-1.0,45.0,50.0,50.0,1,-1,-1,-1,0.0,-1,-1,-1,-1.0,0.35,800.0,450.0,1450.0,250.0,0.5,0.175,1.55,-1.0,0.75,-1.0,60.0,0.0,1.0,-1.0,-1.0,-1.0,47.5,50.0,50.0,-1,-1,-1,-1,0.0,-1,-1,-1,-1.0,0.35,425.0,350.0,1200.0,325.0,0.25,0.175,-1.0,-1.0,0.75,-1.0,55.0,0.0,1.0,-1.0,-1.0,-1.0,50.0,50.0,-1.0,0,-1,-1,-1,0.0,-1,-1,-1,-1.0,0.35,725.0,400.0,1250.0,325.0,0.5,0.175,-1.0,-1.0,0.75,-1.0,75.0,0.0,1.0,-1.0,-1.0,-1.0,52.5,50.0,-1.0,0,-1,-1,-1,0.0,-1,-1,-1,-1.0,0.35,900.0,400.0,1200.0,200.0,1.25,0.175,-1.0,1.0,0.75,0.7,85.0,22.5,1.0,-1.0,-1.0,-1.0,50.0,50.0,-1.0,-1,-1,-1,-1,2.75,-1,-1,-1,-1.0,0.5,650.0,500.0,550.0,150.0,0.0,0.175,-1.0,-1.0,0.75,-1.0,50.0,17.5,1.0,-1.0,-1.0,-1.0,0.0,-1.0,-1.0,0,-1,-1,-1,0.0,-1,-1,-1,-1.0,-1.0,600.0,450.0,1000.0,200.0,-1.0,-1.0,-1.0,1.0,0.75,-1.0,85.0,15.0,1.0,-1.0,-1.0,-1.0,57.5,-1.0,-1.0,0,-1,-1,-1,2.25,-1,-1,-1,-1.0
Sword,0.35,150.0,425.0,750.0,225.0,0.15,0.175,0.9,-1.0,0.75,-1.0,40.0,0.0,1.0,-1.0,-1.0,-1.0,40.0,50.0,50.0,-1,-1,-1,-1,0.0,-1,-1,-1,-1.0,0.35,400.0,425.0,850.0,225.0,-1.0,0.175,1.1,-1.0,0.75,-1.0,60.0,0.0,1.0,-1.0,-1.0,-1.0,45.0,50.0,50.0,-1,-1,-1,-1,0.0,-1,-1,-1,-1.0,0.35,150.0,400.0,750.0,225.0,0.0,0.175,0.9,-1.0,0.75,-1.0,50.0,0.0,1.0,-1.0,-1.0,-1.0,40.0,50.0,50.0,-1,-1,-1,-1,0.0,-1,-1,-1,-1.0,0.35,400.0,425.0,850.0,225.0,-1.0,0.175,1.1,-1.0,0.75,-1.0,65.0,0.0,1.0,-1.0,-1.0,-1.0,42.5,50.0,50.0,-1,-1,-1,-1,0.0,-1,-1,-1,-1.0,0.35,225.0,300.0,750.0,225.0,0.0,0.175,0.9,-1.0,0.75,-1.0,45.0,0.0,1.0,-1.0,-1.0,-1.0,40.0,50.0,-1.0,0,-1,-1,-1,0.0,-1,-1,-1,-1.0,0.35,475.0,350.0,850.0,225.0,-1.0,0.175,1.1,-1.0,0.75,-1.0,60.0,0.0,1.0,-1.0,-1.0,-1.0,42.5,50.0,-1.0,0,-1,-1,-1,0.0,-1,-1,-1,-1.0,0.35,850.0,350.0,950.0,200.0,0.95,0.175,-1.0,1.0,0.75,0.7,70.0,22.5,1.0,-1.0,-1.0,-1.0,50.0,50.0,-1.0,-1,-1,-1,-1,2.75,-1,-1,-1,-1.0,0.4,550.0,400.0,550.0,150.0,0.0,0.175,-1.0,-1.0,0.75,-1.0,40.0,17.5,1.0,-1.0,-1.0,-1.0,0.0,-1.0,-1.0,0,-1,-1,-1,0.0,-1,-1,-1,-1.0,-1.0,600.0,300.0,1000.0,225.0,-1.0,0.0,-1.0,1.0,0.75,-1.0,70.0,15.0,1.0,-1.0,-1.0,-1.0,57.5,-1.0,-1.0,0,1,-1,-1,2.25,-1,-1,-1,-1.0
Sword Mounted,0.35,150.0,425.0,750.0,225.0,0.15,0.175,0.9,-1.0,0.75,-1.0,35.0,0.0,1.0,-1.0,-1.0,-1.0,40.0,50.0,50.0,-1,-1,-1,-1,0.0,-1,-1,-1,-1.0,0.35,400.0,425.0,850.0,225.0,-1.0,0.175,1.1,-1.0,0.75,-1.0,55.0,0.0,1.0,-1.0,-1.0,-1.0,45.0,50.0,50.0,-1,-1,-1,-1,0.0,-1,-1,-1,-1.0,0.35,150.0,400.0,750.0,225.0,0.0,0.175,0.9,-1.0,0.75,-1.0,45.0,0.0,1.0,-1.0,-1.0,-1.0,40.0,50.0,50.0,-1,-1,-1,-1,0.0,-1,-1,-1,-1.0,0.35,400.0,425.0,850.0,225.0,-1.0,0.175,1.1,-1.0,0.75,-1.0,65.0,0.0,1.0,-1.0,-1.0,-1.0,42.5,50.0,50.0,-1,-1,-1,-1,0.0,-1,-1,-1,-1.0,0.35,225.0,300.0,750.0,225.0,0.0,0.175,0.9,-1.0,0.75,-1.0,40.0,0.0,1.0,-1.0,-1.0,-1.0,40.0,50.0,-1.0,0,-1,-1,-1,0.0,-1,-1,-1,-1.0,0.35,475.0,350.0,850.0,225.0,-1.0,0.175,1.1,-1.0,0.75,-1.0,60.0,0.0,1.0,-1.0,-1.0,-1.0,42.5,50.0,-1.0,0,-1,-1,-1,0.0,-1,-1,-1,-1.0,0.35,850.0,350.0,950.0,200.0,0.95,0.175,-1.0,1.0,0.75,0.7,80.0,22.5,1.0,-1.0,-1.0,-1.0,50.0,50.0,-1.0,-1,-1,-1,-1,2.75,-1,-1,-1,-1.0,0.4,550.0,400.0,550.0,150.0,0.0,0.175,-1.0,-1.0,0.75,-1.0,40.0,17.5,1.0,-1.0,-1.0,-1.0,0.0,-1.0,-1.0,0,-1,-1,-1,0.0,-1,-1,-1,-1.0,,,,,,,,,,,,,,,,,,,,,,,,,,,,,
Falchion,0.35,200.0,475.0,800.0,200.0,0.15,0.175,0.9,-1.0,0.75,-1.0,50.0,0.0,1.0,-1.0,-1.0,-1.0,40.0,50.0,50.0,-1,-1,-1,-1,0.0,-1,-1,-1,-1.0,0.35,450.0,475.0,950.0,200.0,-1.0,0.175,1.1,-1.0,0.75,-1.0,65.0,0.0,1.0,-1.0,-1.0,-1.0,45.0,50.0,50.0,-1,-1,-1,-1,0.0,-1,-1,-1,-1.0,0.35,200.0,450.0,800.0,200.0,0.0,0.175,0.9,-1.0,0.75,-1.0,55.0,0.0,1.0,-1.0,-1.0,-1.0,40.0,50.0,50.0,-1,-1,-1,-1,0.0,-1,-1,-1,-1.0,0.35,450.0,500.0,950.0,200.0,-1.0,0.175,1.1,-1.0,0.75,-1.0,70.0,0.0,1.0,-1.0,-1.0,-1.0,42.5,50.0,50.0,-1,-1,-1,-1,0.0,-1,-1,-1,-1.0,0.35,200.0,300.0,800.0,200.0,0.0,0.175,0.9,-1.0,0.75,-1.0,40.0,0.0,1.0,-1.0,-1.0,-1.0,40.0,50.0,-1.0,0,-1,-1,-1,0.0,-1,-1,-1,-1.0,0.35,450.0,350.0,950.0,200.0,-1.0,0.175,1.1,-1.0,0.75,-1.0,60.0,0.0,1.0,-1.0,-1.0,-1.0,42.5,50.0,-1.0,0,-1,-1,-1,0.0,-1,-1,-1,-1.0,0.35,900.0,350.0,1000.0,200.0,1.0,0.175,-1.0,1.0,0.75,0.7,80.0,22.5,1.0,-1.0,-1.0,-1.0,50.0,50.0,-1.0,-1,-1,-1,-1,2.75,-1,-1,-1,-1.0,0.4,600.0,400.0,550.0,150.0,0.0,0.175,-1.0,-1.0,0.75,-1.0,40.0,17.5,1.0,-1.0,-1.0,-1.0,0.0,-1.0,-1.0,0,-1,-1,-1,0.0,-1,-1,-1,-1.0,-1.0,600.0,300.0,1000.0,225.0,-1.0,0.0,-1.0,1.0,0.75,-1.0,80.0,15.0,1.0,-1.0,-1.0,-1.0,57.5,-1.0,-1.0,0,1,-1,-1,2.25,-1,-1,-1,-1.0
Falchion Mounted,0.35,200.0,475.0,800.0,225.0,0.15,0.175,0.9,-1.0,0.75,-1.0,50.0,0.0,1.0,-1.0,-1.0,-1.0,40.0,50.0,50.0,-1,-1,-1,-1,0.0,-1,-1,-1,-1.0,0.35,450.0,475.0,950.0,225.0,-1.0,0.175,1.1,-1.0,0.75,-1.0,65.0,0.0,1.0,-1.0,-1.0,-1.0,45.0,50.0,50.0,-1,-1,-1,-1,0.0,-1,-1,-1,-1.0,0.35,200.0,450.0,800.0,225.0,0.0,0.175,0.9,-1.0,0.75,-1.0,55.0,0.0,1.0,-1.0,-1.0,-1.0,40.0,50.0,50.0,-1,-1,-1,-1,0.0,-1,-1,-1,-1.0,0.35,450.0,500.0,950.0,225.0,-1.0,0.175,1.1,-1.0,0.75,-1.0,70.0,0.0,1.0,-1.0,-1.0,-1.0,42.5,50.0,50.0,-1,-1,-1,-1,0.0,-1,-1,-1,-1.0,0.35,200.0,300.0,800.0,225.0,0.0,0.175,0.9,-1.0,0.75,-1.0,40.0,0.0,1.0,-1.0,-1.0,-1.0,40.0,50.0,-1.0,0,-1,-1,-1,0.0,-1,-1,-1,-1.0,0.35,450.0,350.0,950.0,225.0,-1.0,0.175,1.1,-1.0,0.75,-1.0,60.0,0.0,1.0,-1.0,-1.0,-1.0,42.5,50.0,-1.0,0,-1,-1,-1,0.0,-1,-1,-1,-1.0,0.35,900.0,350.0,1000.0,200.0,1.0,0.175,-1.0,1.0,0.75,0.7,80.0,22.5,1.0,-1.0,-1.0,-1.0,50.0,50.0,-1.0,-1,-1,-1,-1,2.75,-1,-1,-1,-1.0,0.4,600.0,450.0,550.0,150.0,0.0,0.175,-1.0,-1.0,0.75,-1.0,40.0,17.5,1.0,-1.0,-1.0,-1.0,0.0,-1.0,-1.0,0,-1,-1,-1,0.0,-1,-1,-1,-1.0,,,,,,,,,,,,,,,,,,,,,,,,,,,,,
Axe,0.35,175.0,450.0,850.0,250.0,0.15,0.175,1.0,-1.0,0.75,-1.0,50.0,0.0,1.0,-1.0,-1.0,-1.0,40.0,50.0,50.0,-1,-1,-1,-1,0.0,-1,-1,-1,-1.0,0.35,425.0,450.0,1000.0,250.0,-1.0,0.175,1.2,-1.0,0.75,-1.0,65.0,0.0,1.0,-1.0,-1.0,-1.0,45.0,50.0,50.0,-1,-1,-1,-1,0.0,-1,-1,-1,-1.0,0.35,175.0,450.0,850.0,250.0,0.0,0.175,1.0,-1.0,0.75,-1.0,55.0,0.0,1.0,-1.0,-1.0,-1.0,40.0,50.0,50.0,-1,-1,-1,-1,0.0,-1,-1,-1,-1.0,0.35,425.0,475.0,1000.0,250.0,-1.0,0.175,1.2,-1.0,0.75,-1.0,65.0,0.0,1.0,-1.0,-1.0,-1.0,42.5,50.0,50.0,-1,-1,-1,-1,0.0,-1,-1,-1,-1.0,0.35,200.0,350.0,900.0,250.0,0.0,0.175,1.0,-1.0,0.75,-1.0,35.0,0.0,1.0,-1.0,-1.0,-1.0,40.0,50.0,-1.0,0,-1,-1,-1,0.0,-1,-1,-1,-1.0,0.35,450.0,350.0,1050.0,250.0,-1.0,0.175,1.2,-1.0,0.75,-1.0,50.0,0.0,1.0,-1.0,-1.0,-1.0,42.5,50.0,-1.0,0,-1,-1,-1,0.0,-1,-1,-1,-1.0,0.35,850.0,450.0,850.0,200.0,0.95,0.175,-1.0,1.0,0.75,0.7,75.0,22.5,1.0,-1.0,-1.0,-1.0,50.0,50.0,-1.0,-1,-1,-1,-1,2.75,-1,-1,-1,-1.0,0.4,550.0,400.0,550.0,150.0,0.0,0.175,-1.0,-1.0,0.75,-1.0,55.0,17.5,1.0,-1.0,-1.0,-1.0,0.0,-1.0,-1.0,0,-1,-1,-1,0.0,-1,-1,-1,-1.0,-1.0,600.0,400.0,1000.0,225.0,-1.0,0.0,-1.0,1.0,0.75,-1.0,75.0,15.0,1.0,-1.0,-1.0,-1.0,57.5,-1.0,-1.0,0,1,-1,-1,2.25,-1,-1,-1,-1.0
Hatchet,0.35,125.0,450.0,800.0,250.0,0.15,0.175,1.0,-1.0,0.75,-1.0,40.0,0.0,1.0,-1.0,-1.0,-1.0,40.0,50.0,50.0,-1,-1,-1,-1,0.0,-1,-1,-1,-1.0,0.35,375.0,500.0,950.0,250.0,-1.0,0.175,1.2,-1.0,0.75,-1.0,60.0,0.0,1.0,-1.0,-1.0,-1.0,45.0,50.0,50.0,-1,-1,-1,-1,0.0,-1,-1,-1,-1.0,0.35,125.0,450.0,800.0,250.0,0.0,0.175,1.0,-1.0,0.75,-1.0,55.0,0.0,1.0,-1.0,-1.0,-1.0,40.0,50.0,50.0,-1,-1,-1,-1,0.0,-1,-1,-1,-1.0,0.35,375.0,475.0,950.0,250.0,-1.0,0.175,1.2,-1.0,0.75,-1.0,70.0,0.0,1.0,-1.0,-1.0,-1.0,42.5,50.0,50.0,-1,-1,-1,-1,0.0,-1,-1,-1,-1.0,0.35,200.0,350.0,850.0,250.0,0.0,0.175,1.0,-1.0,0.75,-1.0,30.0,0.0,1.0,-1.0,-1.0,-1.0,40.0,50.0,-1.0,0,-1,-1,-1,0.0,-1,-1,-1,-1.0,0.35,450.0,350.0,1000.0,250.0,-1.0,0.175,1.2,-1.0,0.75,-1.0,40.0,0.0,1.0,-1.0,-1.0,-1.0,42.5,50.0,-1.0,0,-1,-1,-1,0.0,-1,-1,-1,-1.0,0.35,800.0,450.0,900.0,200.0,0.9,0.175,-1.0,1.0,0.75,0.7,70.0,22.5,1.0,-1.0,-1.0,-1.0,50.0,50.0,-1.0,-1,-1,-1,-1,2.75,-1,-1,-1,-1.0,0.4,550.0,400.0,550.0,150.0,0.0,0.175,-1.0,-1.0,0.75,-1.0,50.0,17.5,1.0,-1.0,-1.0,-1.0,0.0,-1.0,-1.0,0,-1,-1,-1,0.0,-1,-1,-1,-1.0,-1.0,600.0,400.0,1000.0,225.0,-1.0,0.0,-1.0,1.0,0.75,-1.0,60.0,15.0,1.0,-1.0,-1.0,-1.0,57.5,-1.0,-1.0,0,1,-1,-1,2.25,-1,-1,-1,-1.0
Cudgel,0.35,125.0,400.0,700.0,225.0,0.15,0.175,0.8,-1.0,0.75,-1.0,30.0,0.0,1.0,-1.0,-1.0,-1.0,40.0,50.0,50.0,1,-1,-1,-1,0.0,-1,-1,-1,-1.0,0.35,375.0,450.0,850.0,225.0,-1.0,0.175,1.0,-1.0,0.75,-1.0,45.0,0.0,1.0,-1.0,-1.0,-1.0,45.0,50.0,50.0,1,-1,-1,-1,0.0,-1,-1,-1,-1.0,0.35,125.0,400.0,700.0,225.0,0.0,0.175,0.8,-1.0,0.75,-1.0,30.0,0.0,1.0,-1.0,-1.0,-1.0,40.0,50.0,50.0,1,-1,-1,-1,0.0,-1,-1,-1,-1.0,0.35,375.0,450.0,850.0,225.0,-1.0,0.175,1.0,-1.0,0.75,-1.0,45.0,0.0,1.0,-1.0,-1.0,-1.0,42.5,50.0,50.0,1,-1,-1,-1,0.0,-1,-1,-1,-1.0,0.35,200.0,300.0,700.0,225.0,0.0,0.175,0.8,-1.0,0.75,-1.0,25.0,0.0,1.0,-1.0,-1.0,-1.0,40.0,50.0,-1.0,0,-1,-1,-1,0.0,-1,-1,-1,-1.0,0.35,450.0,350.0,850.0,225.0,-1.0,0.175,1.0,-1.0,0.75,-1.0,35.0,0.0,1.0,-1.0,-1.0,-1.0,42.5,50.0,-1.0,0,-1,-1,-1,0.0,-1,-1,-1,-1.0,0.35,800.0,450.0,900.0,200.0,0.9,0.175,-1.0,1.0,0.75,0.7,55.0,22.5,1.0,-1.0,-1.0,-1.0,50.0,50.0,-1.0,-1,-1,-1,-1,2.75,-1,-1,-1,-1.0,0.4,550.0,400.0,550.0,150.0,0.0,0.175,-1.0,-1.0,0.75,-1.0,25.0,17.5,1.0,-1.0,-1.0,-1.0,0.0,-1.0,-1.0,0,-1,-1,-1,0.0,-1,-1,-1,-1.0,-1.0,600.0,400.0,1000.0,225.0,-1.0,0.0,-1.0,1.0,0.75,-1.0,55.0,15.0,1.0,-1.0,-1.0,-1.0,57.5,-1.0,-1.0,0,1,-1,-1,2.25,-1,-1,-1,-1.0
Short Sword,0.35,125.0,400.0,650.0,225.0,0.15,0.175,0.8,-1.0,0.75,-1.0,35.0,0.0,1.0,-1.0,-1.0,-1.0,40.0,50.0,50.0,-1,-1,-1,-1,0.0,-1,-1,-1,-1.0,0.35,325.0,420.0,750.0,225.0,-1.0,0.175,1.0,-1.0,0.75,-1.0,50.0,0.0,1.0,-1.0,-1.0,-1.0,45.0,50.0,50.0,-1,-1,-1,-1,0.0,-1,-1,-1,-1.0,0.35,125.0,400.0,650.0,225.0,0.0,0.175,0.8,-1.0,0.75,-1.0,40.0,0.0,1.0,-1.0,-1.0,-1.0,40.0,50.0,50.0,-1,-1,-1,-1,0.0,-1,-1,-1,-1.0,0.35,325.0,450.0,750.0,225.0,-1.0,0.175,1.0,-1.0,0.75,-1.0,55.0,0.0,1.0,-1.0,-1.0,-1.0,42.5,50.0,50.0,-1,-1,-1,-1,0.0,-1,-1,-1,-1.0,0.35,225.0,300.0,650.0,225.0,0.0,0.175,0.8,-1.0,0.75,-1.0,40.0,0.0,1.0,-1.0,-1.0,-1.0,40.0,50.0,-1.0,0,-1,-1,-1,0.0,-1,-1,-1,-1.0,0.35,450.0,300.0,750.0,225.0,-1.0,0.175,1.0,-1.0,0.75,-1.0,55.0,0.0,1.0,-1.0,-1.0,-1.0,42.5,50.0,-1.0,0,-1,-1,-1,0.0,-1,-1,-1,-1.0,0.35,800.0,350.0,900.0,200.0,0.9,0.175,-1.0,1.0,0.75,0.7,65.0,22.5,1.0,-1.0,-1.0,-1.0,50.0,50.0,-1.0,-1,-1,-1,-1,2.75,-1,-1,-1,-1.0,0.4,550.0,400.0,550.0,150.0,0.0,0.175,-1.0,-1.0,0.75,-1.0,30.0,17.5,1.0,-1.0,-1.0,-1.0,0.0,-1.0,-1.0,0,-1,-1,-1,0.0,-1,-1,-1,-1.0,-1.0,600.0,400.0,1000.0,225.0,-1.0,0.0,-1.0,1.0,0.75,-1.0,65.0,15.0,1.0,-1.0,-1.0,-1.0,57.5,-1.0,-1.0,0,1,-1,-1,2.25,-1,-1,-1,-1.0
Mace,0.35,150.0,475.0,750.0,250.0,0.15,0.175,1.05,-1.0,0.75,-1.0,40.0,0.0,1.0,-1.0,-1.0,-1.0,40.0,50.0,50.0,1,-1,-1,-1,0.0,-1,-1,-1,-1.0,0.35,400.0,475.0,900.0,250.0,-1.0,0.175,1.25,-1.0,0.75,-1.0,55.0,0.0,1.0,-1.0,-1.0,-1.0,45.0,50.0,50.0,-1,-1,-1,-1,0.0,-1,-1,-1,-1.0,0.35,150.0,450.0,800.0,250.0,0.0,0.175,1.05,-1.0,0.75,-1.0,40.0,0.0,1.0,-1.0,-1.0,-1.0,40.0,50.0,50.0,1,-1,-1,-1,0.0,-1,-1,-1,-1.0,0.35,400.0,475.0,950.0,250.0,-1.0,0.175,1.25,-1.0,0.75,-1.0,60.0,0.0,1.0,-1.0,-1.0,-1.0,42.5,50.0,50.0,-1,-1,-1,-1,0.0,-1,-1,-1,-1.0,0.35,175.0,300.0,800.0,250.0,0.0,0.175,1.05,-1.0,0.75,-1.0,35.0,0.0,1.0,-1.0,-1.0,-1.0,40.0,50.0,-1.0,0,-1,-1,-1,0.0,-1,-1,-1,-1.0,0.35,425.0,300.0,950.0,250.0,-1.0,0.175,1.25,-1.0,0.75,-1.0,45.0,0.0,1.0,-1.0,-1.0,-1.0,42.5,50.0,-1.0,0,-1,-1,-1,0.0,-1,-1,-1,-1.0,0.35,850.0,450.0,950.0,200.0,0.95,0.175,-1.0,1.0,0.75,0.7,65.0,22.5,1.0,-1.0,-1.0,-1.0,50.0,50.0,-1.0,-1,-1,-1,-1,2.75,-1,-1,-1,-1.0,0.4,600.0,400.0,550.0,150.0,0.0,0.175,-1.0,-1.0,0.75,-1.0,25.0,17.5,1.0,-1.0,-1.0,-1.0,0.0,-1.0,-1.0,0,-1,-1,-1,0.0,-1,-1,-1,-1.0,-1.0,600.0,400.0,1000.0,225.0,-1.0,0.0,-1.0,1.0,0.75,-1.0,65.0,15.0,1.0,-1.0,-1.0,-1.0,57.5,-1.0,-1.0,0,1,-1,-1,2.25,-1,-1,-1,-1.0
Morning Star,0.35,150.0,475.0,750.0,225.0,0.15,0.175,0.95,-1.0,0.75,-1.0,40.0,0.0,1.0,-1.0,-1.0,-1.0,40.0,50.0,50.0,1,-1,-1,-1,0.0,-1,-1,-1,-1.0,0.35,400.0,475.0,900.0,225.0,-1.0,0.175,1.15,-1.0,0.75,-1.0,55.0,0.0,1.0,-1.0,-1.0,-1.0,45.0,50.0,50.0,-1,-1,-1,-1,0.0,-1,-1,-1,-1.0,0.35,150.0,450.0,800.0,225.0,0.0,0.175,0.95,-1.0,0.75,-1.0,40.0,0.0,1.0,-1.0,-1.0,-1.0,40.0,50.0,50.0,1,-1,-1,-1,0.0,-1,-1,-1,-1.0,0.35,400.0,475.0,950.0,225.0,-1.0,0.175,1.15,-1.0,0.75,-1.0,60.0,0.0,1.0,-1.0,-1.0,-1.0,42.5,50.0,50.0,-1,-1,-1,-1,0.0,-1,-1,-1,-1.0,0.35,200.0,300.0,800.0,225.0,0.0,0.175,0.95,-1.0,0.75,-1.0,35.0,0.0,1.0,-1.0,-1.0,-1.0,40.0,50.0,-1.0,0,-1,-1,-1,0.0,-1,-1,-1,-1.0,0.35,450.0,300.0,950.0,225.0,-1.0,0.175,1.15,-1.0,0.75,-1.0,45.0,0.0,1.0,-1.0,-1.0,-1.0,42.5,50.0,-1.0,0,-1,-1,-1,0.0,-1,-1,-1,-1.0,0.35,850.0,450.0,950.0,200.0,0.95,0.175,-1.0,1.0,0.75,0.7,65.0,22.5,1.0,-1.0,-1.0,-1.0,50.0,50.0,-1.0,-1,-1,-1,-1,2.75,-1,-1,-1,-1.0,0.4,600.0,400.0,550.0,150.0,0.0,0.175,-1.0,-1.0,0.75,-1.0,25.0,17.5,1.0,-1.0,-1.0,-1.0,0.0,-1.0,-1.0,0,-1,-1,-1,0.0,-1,-1,-1,-1.0,-1.0,600.0,400.0,1000.0,225.0,-1.0,0.0,-1.0,1.0,0.75,-1.0,65.0,15.0,1.0,-1.0,-1.0,-1.0,57.5,-1.0,-1.0,0,1,-1,-1,2.25,-1,-1,-1,-1.0
Warhammer,0.35,200.0,500.0,900.0,225.0,0.15,0.175,1.1,-1.0,0.75,-1.0,45.0,0.0,1.0,-1.0,-1.0,-1.0,47.5,50.0,50.0,1,-1,-1,-1,0.0,-1,-1,-1,-1.0,0.35,375.0,550.0,1050.0,225.0,-1.0,0.175,1.3,-1.0,0.75,-1.0,65.0,0.0,1.0,-1.0,-1.0,-1.0,50.0,50.0,50.0,-1,-1,-1,-1,0.0,-1,-1,-1,-1.0,0.35,150.0,500.0,900.0,225.0,0.0,0.175,1.1,-1.0,0.75,-1.0,50.0,0.0,1.0,-1.0,-1.0,-1.0,45.0,50.0,50.0,1,-1,-1,-1,0.0,-1,-1,-1,-1.0,0.35,400.0,550.0,1050.0,225.0,-1.0,0.175,1.3,-1.0,0.75,-1.0,70.0,0.0,1.0,-1.0,-1.0,-1.0,47.5,50.0,50.0,-1,-1,-1,-1,0.0,-1,-1,-1,-1.0,0.35,200.0,300.0,900.0,225.0,0.0,0.175,1.1,-1.0,0.75,-1.0,30.0,0.0,1.0,-1.0,-1.0,-1.0,45.0,50.0,-1.0,0,-1,-1,-1,0.0,-1,-1,-1,-1.0,0.35,450.0,300.0,1050.0,225.0,-1.0,0.175,1.3,-1.0,0.75,-1.0,45.0,0.0,1.0,-1.0,-1.0,-1.0,47.5,50.0,-1.0,0,-1,-1,-1,0.0,-1,-1,-1,-1.0,0.35,1000.0,450.0,1150.0,200.0,1.1,0.175,-1.0,1.0,0.75,0.7,80.0,22.5,1.0,-1.0,-1.0,-1.0,50.0,50.0,-1.0,-1,-1,-1,-1,2.75,-1,-1,-1,-1.0,0.4,650.0,450.0,550.0,150.0,0.0,0.175,-1.0,-1.0,0.75,-1.0,35.0,17.5,1.0,-1.0,-1.0,-1.0,0.0,-1.0,-1.0,0,-1,-1,-1,0.0,-1,-1,-1,-1.0,-1.0,600.0,400.0,1000.0,225.0,-1.0,0.0,-1.0,1.0,0.75,-1.0,80.0,15.0,1.0,-1.0,-1.0,-1.0,57.5,-1.0,-1.0,0,1,-1,-1,2.25,-1,-1,-1,-1.0
One Handed Spear,0.35,250.0,375.0,900.0,275.0,0.15,0.175,1.1,-1.0,0.75,-1.0,40.0,0.0,1.0,-1.0,-1.0,-1.0,47.5,50.0,50.0,-1,-1,-1,-1,0.0,-1,-1,-1,-1.0,0.35,500.0,400.0,1050.0,250.0,-1.0,0.175,1.3,-1.0,0.75,-1.0,60.0,0.0,1.0,-1.0,-1.0,-1.0,50.0,50.0,50.0,-1,-1,-1,-1,0.0,-1,-1,-1,-1.0,0.35,250.0,450.0,900.0,250.0,0.0,0.175,1.1,-1.0,0.75,-1.0,30.0,0.0,1.0,-1.0,-1.0,-1.0,45.0,50.0,50.0,-1,-1,-1,-1,0.0,-1,-1,-1,-1.0,0.35,500.0,450.0,1050.0,250.0,-1.0,0.175,1.3,-1.0,0.75,-1.0,65.0,0.0,1.0,-1.0,-1.0,-1.0,47.5,50.0,50.0,-1,-1,-1,-1,0.0,-1,-1,-1,-1.0,0.35,240.0,300.0,850.0,325.0,0.0,0.175,1.1,-1.0,0.75,-1.0,50.0,0.0,1.0,-1.0,-1.0,-1.0,50.0,50.0,-1.0,0,-1,-1,-1,0.0,-1,-1,-1,-1.0,0.35,475.0,350.0,1000.0,325.0,-1.0,0.175,1.3,-1.0,0.75,-1.0,70.0,0.0,1.0,-1.0,-1.0,-1.0,52.5,50.0,-1.0,0,-1,-1,-1,0.0,-1,-1,-1,-1.0,0.35,800.0,500.0,1150.0,200.0,0.95,0.175,-1.0,1.0,0.75,0.7,80.0,22.5,1.0,-1.0,-1.0,-1.0,50.0,50.0,-1.0,-1,-1,-1,-1,2.75,-1,-1,-1,-1.0,0.4,600.0,450.0,550.0,150.0,0.0,0.175,-1.0,-1.0,0.75,-1.0,60.0,17.5,1.0,-1.0,-1.0,-1.0,0.0,-1.0,-1.0,0,-1,-1,-1,0.0,-1,-1,-1,-1.0,-1.0,600.0,400.0,1000.0,225.0,-1.0,0.0,-1.0,1.0,0.75,-1.0,80.0,15.0,1.0,-1.0,-1.0,-1.0,57.5,-1.0,-1.0,0,1,-1,-1,2.25,-1,-1,-1,-1.0
Rapier,0.35,120.0,425.0,750.0,200.0,0.15,0.175,0.9,-1.0,0.75,-1.0,30.0,0.0,1.0,-1.0,-1.0,-1.0,40.0,50.0,50.0,1,-1,-1,-1,0.0,-1,-1,-1,-1.0,0.35,325.0,425.0,850.0,200.0,-1.0,0.175,1.1,-1.0,0.75,-1.0,50.0,0.0,1.0,-1.0,-1.0,-1.0,45.0,50.0,50.0,-1,-1,-1,-1,0.0,-1,-1,-1,-1.0,0.35,120.0,400.0,750.0,200.0,0.0,0.175,0.9,-1.0,0.75,-1.0,35.0,0.0,1.0,-1.0,-1.0,-1.0,40.0,50.0,50.0,1,-1,-1,-1,0.0,-1,-1,-1,-1.0,0.35,325.0,425.0,850.0,200.0,-1.0,0.175,1.1,-1.0,0.75,-1.0,55.0,0.0,1.0,-1.0,-1.0,-1.0,42.5,50.0,50.0,-1,-1,-1,-1,0.0,-1,-1,-1,-1.0,0.35,200.0,300.0,750.0,200.0,0.0,0.175,0.9,-1.0,0.75,-1.0,50.0,0.0,1.0,-1.0,-1.0,-1.0,40.0,50.0,-1.0,0,-1,-1,-1,0.0,-1,-1,-1,-1.0,0.35,450.0,350.0,850.0,200.0,-1.0,0.175,1.1,-1.0,0.75,-1.0,70.0,0.0,1.0,-1.0,-1.0,-1.0,42.5,50.0,-1.0,0,-1,-1,-1,0.0,-1,-1,-1,-1.0,-1.0,600.0,350.0,950.0,200.0,0.95,0.175,-1.0,1.0,0.75,0.7,55.0,22.5,1.0,-1.0,-1.0,-1.0,60.0,50.0,-1.0,-1,-1,-1,-1,2.75,-1,-1,-1,-1.0,0.4,550.0,400.0,550.0,150.0,0.0,0.175,-1.0,-1.0,0.75,-1.0,40.0,17.5,1.0,-1.0,-1.0,-1.0,0.0,-1.0,-1.0,0,-1,-1,-1,0.0,-1,-1,-1,-1.0,-1.0,600.0,300.0,1000.0,225.0,-1.0,0.0,-1.0,1.0,0.75,-1.0,65.0,15.0,1.0,-1.0,-1.0,-1.0,57.5,-1.0,-1.0,0,1,-1,-1,2.25,-1,-1,-1,-1.0
Heavy Cavalry Sword,0.35,250.0,500.0,900.0,150.0,0.0,0.175,-1.0,-1.0,0.75,-1.0,45.0,0.0,1.0,-1.0,-1.0,-1.0,40.0,50.0,50.0,-1,-1,-1,-1,0.0,-1,-1,-1,-1.0,0.35,500.0,550.0,1000.0,150.0,-1.0,0.175,-1.0,-1.0,0.75,-1.0,60.0,0.0,1.0,-1.0,-1.0,-1.0,45.0,50.0,50.0,-1,-1,-1,-1,0.0,-1,-1,-1,-1.0,0.35,225.0,475.0,900.0,150.0,0.0,0.175,-1.0,-1.0,0.75,-1.0,50.0,0.0,1.0,-1.0,-1.0,-1.0,40.0,50.0,50.0,-1,-1,-1,-1,0.0,-1,-1,-1,-1.0,0.35,475.0,475.0,1050.0,150.0,-1.0,0.175,-1.0,-1.0,0.75,-1.0,65.0,0.0,1.0,-1.0,-1.0,-1.0,42.5,50.0,50.0,-1,-1,-1,-1,0.0,-1,-1,-1,-1.0,0.35,300.0,425.0,900.0,200.0,0.0,0.175,-1.0,-1.0,0.75,-1.0,40.0,0.0,1.0,-1.0,-1.0,-1.0,40.0,50.0,-1.0,0,-1,-1,-1,0.0,-1,-1,-1,-1.0,0.35,525.0,425.0,1050.0,200.0,-1.0,0.175,-1.0,-1.0,0.75,-1.0,55.0,0.0,1.0,-1.0,-1.0,-1.0,42.5,50.0,-1.0,0,-1,-1,-1,0.0,-1,-1,-1,-1.0,-1.0,850.0,450.0,850.0,200.0,0.95,0.175,-1.0,1.0,0.75,0.7,75.0,22.5,1.0,-1.0,-1.0,-1.0,60.0,50.0,-1.0,-1,-1,-1,-1,2.75,-1,-1,-1,-1.0,0.4,550.0,400.0,550.0,150.0,0.0,0.175,-1.0,-1.0,0.75,-1.0,40.0,17.5,1.0,-1.0,-1.0,-1.0,0.0,-1.0,-1.0,0,-1,-1,-1,0.0,-1,-1,-1,-1.0,-1.0,600.0,300.0,1000.0,225.0,-1.0,0.0,-1.0,1.0,0.75,-1.0,65.0,15.0,1.0,-1.0,-1.0,-1.0,57.5,-1.0,-1.0,0,1,-1,-1,2.25,-1,-1,-1,-1.0
Heavy Cavalry Sword Mounted,0.35,150.0,500.0,650.0,150.0,0.15,0.175,-1.0,-1.0,0.75,-1.0,30.0,0.0,1.0,-1.0,-1.0,-1.0,40.0,50.0,50.0,-1,-1,-1,-1,0.0,-1,-1,-1,-1.0,-1.0,300.0,500.0,750.0,150.0,-1.0,0.175,-1.0,-1.0,0.75,-1.0,45.0,0.0,1.0,-1.0,-1.0,-1.0,45.0,50.0,50.0,-1,-1,-1,-1,0.0,-1,-1,-1,-1.0,0.35,150.0,500.0,850.0,150.0,0.0,0.175,-1.0,-1.0,0.75,-1.0,40.0,0.0,1.0,-1.0,-1.0,-1.0,40.0,50.0,50.0,-1,-1,-1,-1,0.0,-1,-1,-1,-1.0,-1.0,300.0,500.0,950.0,150.0,-1.0,0.175,-1.0,-1.0,0.75,-1.0,55.0,0.0,1.0,-1.0,-1.0,-1.0,42.5,50.0,50.0,-1,-1,-1,-1,0.0,-1,-1,-1,-1.0,-1.0,-1,-1,-1,200.0,0.0,0.175,-1.0,-1.0,0.75,-1.0,35.0,0.0,1.0,-1.0,-1.0,-1.0,40.0,50.0,-1.0,0,-1,-1,-1,0.0,-1,-1,-1,-1.0,-1.0,-1,-1,-1,200.0,-1.0,0.175,-1.0,-1.0,0.75,-1.0,45.0,0.0,1.0,-1.0,-1.0,-1.0,42.5,50.0,-1.0,0,-1,-1,-1,0.0,-1,-1,-1,-1.0,-1.0,-1,-1,-1,250.0,-1.0,0.175,-1.0,1.0,0.75,0.7,60.0,22.5,1.0,-1.0,-1.0,-1.0,50.0,50.0,-1.0,-1,-1,-1,-1,2.75,-1,-1,-1,-1.0,0.0,400.0,300.0,650.0,150.0,0.0,0.175,-1.0,-1.0,0.75,-1.0,30.0,17.5,1.0,-1.0,-1.0,-1.0,0.0,-1.0,-1.0,0,-1,-1,-1,0.0,-1,-1,-1,-1.0,-1.0,600.0,400.0,1000.0,150.0,-1.0,0.0,-1.0,1.0,0.75,-1.0,30.0,15.0,1.0,-1.0,-1.0,-1.0,57.5,-1.0,-1.0,0,1,-1,-1,2.25,-1,-1,-1,-1.0
Pickaxe,0.35,125.0,450.0,800.0,200.0,0.15,0.175,1.1,-1.0,0.75,-1.0,40.0,0.0,1.0,-1.0,-1.0,-1.0,40.0,50.0,50.0,1,-1,-1,-1,0.0,-1,-1,-1,-1.0,0.35,375.0,450.0,950.0,200.0,-1.0,0.175,1.3,-1.0,0.75,-1.0,60.0,0.0,1.0,-1.0,-1.0,-1.0,45.0,50.0,50.0,-1,-1,-1,-1,0.0,-1,-1,-1,-1.0,0.35,125.0,425.0,800.0,200.0,0.0,0.175,1.1,-1.0,0.75,-1.0,50.0,0.0,1.0,-1.0,-1.0,-1.0,40.0,50.0,50.0,1,-1,-1,-1,0.0,-1,-1,-1,-1.0,0.35,375.0,475.0,950.0,200.0,-1.0,0.175,1.3,-1.0,0.75,-1.0,70.0,0.0,1.0,-1.0,-1.0,-1.0,42.5,50.0,50.0,-1,-1,-1,-1,0.0,-1,-1,-1,-1.0,0.35,175.0,300.0,850.0,200.0,0.0,0.175,1.1,-1.0,0.75,-1.0,35.0,0.0,1.0,-1.0,-1.0,-1.0,40.0,50.0,-1.0,0,-1,-1,-1,0.0,-1,-1,-1,-1.0,0.35,425.0,350.0,950.0,200.0,-1.0,0.175,1.3,-1.0,0.75,-1.0,55.0,0.0,1.0,-1.0,-1.0,-1.0,42.5,50.0,-1.0,0,-1,-1,-1,0.0,-1,-1,-1,-1.0,0.35,800.0,450.0,1000.0,200.0,0.9,0.175,-1.0,1.0,0.75,0.7,70.0,22.5,1.0,-1.0,-1.0,-1.0,50.0,50.0,-1.0,-1,-1,-1,-1,2.75,-1,-1,-1,-1.0,0.4,600.0,450.0,550.0,150.0,0.0,0.175,-1.0,-1.0,0.75,-1.0,35.0,17.5,1.0,-1.0,-1.0,-1.0,0.0,-1.0,-1.0,0,-1,-1,-1,0.0,-1,-1,-1,-1.0,-1.0,600.0,400.0,1000.0,225.0,-1.0,0.0,-1.0,1.0,0.75,-1.0,70.0,15.0,1.0,-1.0,-1.0,-1.0,57.5,-1.0,-1.0,0,1,-1,-1,2.25,-1,-1,-1,-1.0
Shovel,0.35,175.0,475.0,800.0,200.0,0.15,0.175,1.1,-1.0,0.75,-1.0,30.0,0.0,1.0,-1.0,-1.0,-1.0,40.0,50.0,50.0,1,-1,-1,-1,0.0,-1,-1,-1,-1.0,0.35,425.0,475.0,950.0,200.0,-1.0,0.175,1.3,-1.0,0.75,-1.0,50.0,0.0,1.0,-1.0,-1.0,-1.0,45.0,50.0,50.0,-1,-1,-1,-1,0.0,-1,-1,-1,-1.0,0.35,175.0,425.0,800.0,200.0,0.0,0.175,1.1,-1.0,0.75,-1.0,45.0,0.0,1.0,-1.0,-1.0,-1.0,40.0,50.0,50.0,1,-1,-1,-1,0.0,-1,-1,-1,-1.0,0.35,425.0,475.0,950.0,200.0,-1.0,0.175,1.3,-1.0,0.75,-1.0,65.0,0.0,1.0,-1.0,-1.0,-1.0,42.5,50.0,50.0,-1,-1,-1,-1,0.0,-1,-1,-1,-1.0,0.35,175.0,300.0,850.0,200.0,0.0,0.175,1.1,-1.0,0.75,-1.0,45.0,0.0,1.0,-1.0,-1.0,-1.0,40.0,50.0,-1.0,0,-1,-1,-1,0.0,-1,-1,-1,-1.0,0.35,425.0,350.0,950.0,200.0,-1.0,0.175,1.3,-1.0,0.75,-1.0,55.0,0.0,1.0,-1.0,-1.0,-1.0,42.5,50.0,-1.0,0,-1,-1,-1,0.0,-1,-1,-1,-1.0,0.35,850.0,500.0,1000.0,200.0,0.95,0.175,-1.0,1.0,0.75,0.7,70.0,22.5,1.0,-1.0,-1.0,-1.0,50.0,50.0,-1.0,-1,-1,-1,-1,2.75,-1,-1,-1,-1.0,0.4,600.0,450.0,550.0,150.0,0.0,0.175,-1.0,-1.0,0.75,-1.0,35.0,17.5,1.0,-1.0,-1.0,-1.0,0.0,-1.0,-1.0,0,-1,-1,-1,0.0,-1,-1,-1,-1.0,-1.0,600.0,400.0,1000.0,225.0,-1.0,0.0,-1.0,1.0,0.75,-1.0,70.0,15.0,1.0,-1.0,-1.0,-1.0,57.5,-1.0,-1.0,0,1,-1,-1,2.25,-1,-1,-1,-1.0
Sledgehammer,0.35,200.0,525.0,900.0,225.0,0.15,0.175,1.1,-1.0,0.75,-1.0,40.0,0.0,1.0,-1.0,-1.0,-1.0,40.0,50.0,50.0,1,-1,-1,-1,0.0,-1,-1,-1,-1.0,0.35,450.0,525.0,1050.0,225.0,-1.0,0.175,1.3,-1.0,0.75,-1.0,60.0,0.0,1.0,-1.0,-1.0,-1.0,45.0,50.0,50.0,-1,-1,-1,-1,0.0,-1,-1,-1,-1.0,0.35,200.0,450.0,900.0,225.0,0.0,0.175,1.1,-1.0,0.75,-1.0,50.0,0.0,1.0,-1.0,-1.0,-1.0,40.0,50.0,50.0,1,-1,-1,-1,0.0,-1,-1,-1,-1.0,0.35,450.0,475.0,1050.0,225.0,-1.0,0.175,1.3,-1.0,0.75,-1.0,70.0,0.0,1.0,-1.0,-1.0,-1.0,42.5,50.0,50.0,-1,-1,-1,-1,0.0,-1,-1,-1,-1.0,0.35,200.0,300.0,900.0,225.0,0.0,0.175,1.1,-1.0,0.75,-1.0,30.0,0.0,1.0,-1.0,-1.0,-1.0,40.0,50.0,-1.0,0,-1,-1,-1,0.0,-1,-1,-1,-1.0,0.35,450.0,350.0,1050.0,225.0,-1.0,0.175,1.3,-1.0,0.75,-1.0,45.0,0.0,1.0,-1.0,-1.0,-1.0,42.5,50.0,-1.0,0,-1,-1,-1,0.0,-1,-1,-1,-1.0,0.35,950.0,500.0,1100.0,200.0,1.05,0.175,-1.0,1.0,0.75,0.7,70.0,22.5,1.0,-1.0,-1.0,-1.0,50.0,50.0,-1.0,-1,-1,-1,-1,2.75,-1,-1,-1,-1.0,0.4,600.0,450.0,550.0,150.0,0.0,0.175,-1.0,-1.0,0.75,-1.0,35.0,17.5,1.0,-1.0,-1.0,-1.0,0.0,-1.0,-1.0,0,-1,-1,-1,0.0,-1,-1,-1,-1.0,-1.0,600.0,400.0,1000.0,225.0,-1.0,0.0,-1.0,1.0,0.75,-1.0,50.0,15.0,1.0,-1.0,-1.0,-1.0,57.5,-1.0,-1.0,0,1,-1,-1,2.25,-1,-1,-1,-1.0
Light Shield,-1.0,-1,-1,-1,150.0,0.15,0.175,-1.0,-1.0,0.75,-1.0,30.0,0.0,1.0,-1.0,-1.0,-1.0,40.0,50.0,50.0,1,-1,-1,-1,0.0,-1,-1,-1,-1.0,-1.0,-1,-1,-1,150.0,-1.0,0.175,-1.0,-1.0,0.75,-1.0,45.0,0.0,1.0,-1.0,-1.0,-1.0,45.0,50.0,50.0,1,-1,-1,-1,0.0,-1,-1,-1,-1.0,-1.0,-1,-1,-1,150.0,0.0,0.175,-1.0,-1.0,0.75,-1.0,40.0,0.0,1.0,-1.0,-1.0,-1.0,40.0,50.0,50.0,1,-1,-1,-1,0.0,-1,-1,-1,-1.0,-1.0,-1,-1,-1,150.0,-1.0,0.175,-1.0,-1.0,0.75,-1.0,55.0,0.0,1.0,-1.0,-1.0,-1.0,42.5,50.0,50.0,1,-1,-1,-1,0.0,-1,-1,-1,-1.0,-1.0,-1,-1,-1,200.0,0.0,0.175,-1.0,-1.0,0.75,-1.0,35.0,0.0,1.0,-1.0,-1.0,-1.0,40.0,50.0,-1.0,1,-1,-1,-1,0.0,-1,-1,-1,-1.0,-1.0,-1,-1,-1,200.0,-1.0,0.175,-1.0,-1.0,0.75,-1.0,45.0,0.0,1.0,-1.0,-1.0,-1.0,42.5,50.0,-1.0,1,-1,-1,-1,0.0,-1,-1,-1,-1.0,-1.0,-1,-1,-1,250.0,-1.0,0.175,-1.0,1.0,0.75,0.7,60.0,22.5,1.0,-1.0,-1.0,-1.0,50.0,50.0,-1.0,1,-1,-1,-1,2.75,-1,-1,-1,-1.0,0.0,450.0,400.0,650.0,150.0,0.0,0.0,-1.0,-1.0,0.75,-1.0,40.0,17.5,1.0,-1.0,-1.0,-1.0,0.0,-1.0,-1.0,0,-1,-1,-1,0.0,-1,-1,-1,-1.0,-1.0,600.0,400.0,1000.0,150.0,-1.0,-1.0,-1.0,1.0,0.75,-1.0,30.0,15.0,1.0,-1.0,-1.0,-1.0,57.5,-1.0,-1.0,0,-1,-1,-1,2.25,-1,-1,-1,-1.0
Medium Shield,-1.0,-1,-1,-1,150.0,0.15,0.175,-1.0,-1.0,0.75,-1.0,30.0,0.0,1.0,-1.0,-1.0,-1.0,40.0,50.0,50.0,1,-1,-1,-1,0.0,-1,-1,-1,-1.0,-1.0,-1,-1,-1,150.0,-1.0,0.175,-1.0,-1.0,0.75,-1.0,45.0,0.0,1.0,-1.0,-1.0,-1.0,45.0,50.0,50.0,1,-1,-1,-1,0.0,-1,-1,-1,-1.0,-1.0,-1,-1,-1,150.0,0.0,0.175,-1.0,-1.0,0.75,-1.0,40.0,0.0,1.0,-1.0,-1.0,-1.0,40.0,50.0,50.0,1,-1,-1,-1,0.0,-1,-1,-1,-1.0,-1.0,-1,-1,-1,150.0,-1.0,0.175,-1.0,-1.0,0.75,-1.0,55.0,0.0,1.0,-1.0,-1.0,-1.0,42.5,50.0,50.0,1,-1,-1,-1,0.0,-1,-1,-1,-1.0,-1.0,-1,-1,-1,200.0,0.0,0.175,-1.0,-1.0,0.75,-1.0,35.0,0.0,1.0,-1.0,-1.0,-1.0,40.0,50.0,-1.0,1,-1,-1,-1,0.0,-1,-1,-1,-1.0,-1.0,-1,-1,-1,200.0,-1.0,0.175,-1.0,-1.0,0.75,-1.0,45.0,0.0,1.0,-1.0,-1.0,-1.0,42.5,50.0,-1.0,1,-1,-1,-1,0.0,-1,-1,-1,-1.0,-1.0,-1,-1,-1,250.0,-1.0,0.175,-1.0,1.0,0.75,0.7,60.0,22.5,1.0,-1.0,-1.0,-1.0,50.0,50.0,-1.0,1,-1,-1,-1,2.75,-1,-1,-1,-1.0,0.0,550.0,400.0,650.0,150.0,0.0,0.0,-1.0,-1.0,0.75,-1.0,35.0,17.5,1.0,-1.0,-1.0,-1.0,0.0,-1.0,-1.0,0,-1,-1,-1,0.0,-1,-1,-1,-1.0,-1.0,600.0,400.0,1000.0,150.0,-1.0,-1.0,-1.0,1.0,0.75,-1.0,30.0,15.0,1.0,-1.0,-1.0,-1.0,57.5,-1.0,-1.0,0,-1,-1,-1,2.25,-1,-1,-1,-1.0
Heavy Shield,-1.0,-1,-1,-1,150.0,0.15,0.175,-1.0,-1.0,0.75,-1.0,30.0,0.0,1.0,-1.0,-1.0,-1.0,40.0,50.0,50.0,1,-1,-1,-1,0.0,-1,-1,-1,-1.0,-1.0,-1,-1,-1,150.0,-1.0,0.175,-1.0,-1.0,0.75,-1.0,45.0,0.0,1.0,-1.0,-1.0,-1.0,45.0,50.0,50.0,1,-1,-1,-1,0.0,-1,-1,-1,-1.0,-1.0,-1,-1,-1,150.0,0.0,0.175,-1.0,-1.0,0.75,-1.0,40.0,0.0,1.0,-1.0,-1.0,-1.0,40.0,50.0,50.0,1,-1,-1,-1,0.0,-1,-1,-1,-1.0,-1.0,-1,-1,-1,150.0,-1.0,0.175,-1.0,-1.0,0.75,-1.0,55.0,0.0,1.0,-1.0,-1.0,-1.0,42.5,50.0,50.0,1,-1,-1,-1,0.0,-1,-1,-1,-1.0,-1.0,-1,-1,-1,200.0,0.0,0.175,-1.0,-1.0,0.75,-1.0,35.0,0.0,1.0,-1.0,-1.0,-1.0,40.0,50.0,-1.0,1,-1,-1,-1,0.0,-1,-1,-1,-1.0,-1.0,-1,-1,-1,200.0,-1.0,0.175,-1.0,-1.0,0.75,-1.0,45.0,0.0,1.0,-1.0,-1.0,-1.0,42.5,50.0,-1.0,1,-1,-1,-1,0.0,-1,-1,-1,-1.0,-1.0,-1,-1,-1,250.0,-1.0,0.175,-1.0,1.0,0.75,0.7,60.0,22.5,1.0,-1.0,-1.0,-1.0,50.0,50.0,-1.0,1,-1,-1,-1,2.75,-1,-1,-1,-1.0,0.0,600.0,400.0,400.0,150.0,0.0,0.0,-1.0,-1.0,0.75,-1.0,30.0,17.5,1.0,-1.0,-1.0,-1.0,0.0,-1.0,-1.0,0,-1,-1,-1,0.0,-1,-1,-1,-1.0,-1.0,600.0,400.0,1000.0,150.0,-1.0,0.0,-1.0,1.0,0.75,-1.0,30.0,15.0,1.0,-1.0,-1.0,-1.0,57.5,-1.0,-1.0,0,-1,-1,-1,2.25,-1,-1,-1,-1.0
Bow,,,,,,,,,,,,,,,,,,,,,,,,,,,,,,0.35,650.0,-1,-1,150.0,-1.0,0.175,-1.0,-1.0,0.75,-1.0,20.0,0.0,1.0,-1.0,-1.0,-1.0,45.0,50.0,50.0,-1,-1,-1,-1,0.0,-1,-1,-1,-1.0,0.35,250.0,400.0,700.0,150.0,0.0,0.175,-1.0,-1.0,0.75,-1.0,20.0,0.0,1.0,-1.0,-1.0,-1.0,40.0,50.0,50.0,-1,-1,-1,-1,0.0,-1,-1,-1,-1.0,0.35,700.0,-1,-1,150.0,-1.0,0.175,-1.0,-1.0,0.75,-1.0,25.0,0.0,1.0,-1.0,-1.0,-1.0,42.5,50.0,50.0,-1,-1,-1,-1,0.0,-1,-1,-1,-1.0,0.35,200.0,250.0,500.0,150.0,0.0,0.175,-1.0,-1.0,0.75,-1.0,20.0,0.0,1.0,-1.0,-1.0,-1.0,40.0,50.0,-1.0,0,-1,-1,-1,0.0,-1,-1,1,1.0,0.35,750.0,-1,-1,150.0,-1.0,0.175,-1.0,-1.0,0.75,-1.0,30.0,0.0,1.0,-1.0,-1.0,-1.0,42.5,50.0,-1.0,0,-1,-1,-1,0.0,-1,-1,1,1.0,0.35,-1,-1,800.0,150.0,-1.0,0.175,-1.0,1.0,0.75,0.7,20.0,22.5,1.0,-1.0,-1.0,-1.0,50.0,50.0,-1.0,-1,-1,-1,-1,2.75,-1,-1,-1,-1.0,0.1,450.0,400.0,200.0,150.0,0.0,0.175,-1.0,-1.0,0.75,-1.0,20.0,17.5,1.0,-1.0,-1.0,-1.0,0.0,-1.0,-1.0,0,-1,-1,-1,0.0,-1,-1,-1,-1.0,-1.0,600.0,400.0,1000.0,150.0,-1.0,0.0,-1.0,1.0,0.75,-1.0,20.0,15.0,1.0,-1.0,-1.0,-1.0,57.5,-1.0,-1.0,0,-1,-1,-1,2.25,-1,-1,-1,-1.0
Crossbow,,,,,,,,,,,,,,,,,,,,,,,,,,,,,,0.35,400.0,-1,-1,150.0,-1.0,0.175,-1.0,-1.0,0.75,-1.0,20.0,0.0,1.0,-1.0,-1.0,-1.0,45.0,50.0,50.0,-1,-1,-1,-1,0.0,-1,-1,-1,-1.0,0.35,250.0,300.0,600.0,150.0,0.0,0.175,-1.0,-1.0,0.75,-1.0,25.0,0.0,1.0,-1.0,-1.0,-1.0,40.0,50.0,50.0,-1,-1,-1,-1,0.0,-1,-1,1,1.0,0.35,500.0,200.0,600.0,150.0,-1.0,0.175,-1.0,-1.0,0.75,-1.0,45.0,0.0,1.0,-1.0,-1.0,-1.0,42.5,50.0,50.0,-1,-1,-1,-1,0.0,-1,-1,1,1.0,0.35,200.0,250.0,500.0,150.0,0.0,0.175,-1.0,-1.0,0.75,-1.0,20.0,0.0,1.0,-1.0,-1.0,-1.0,40.0,50.0,-1.0,0,-1,-1,-1,0.0,-1,-1,-1,-1.0,0.35,450.0,-1,-1,150.0,-1.0,0.175,-1.0,-1.0,0.75,-1.0,30.0,0.0,1.0,-1.0,-1.0,-1.0,42.5,50.0,-1.0,0,-1,-1,-1,0.0,-1,-1,-1,-1.0,0.35,800.0,450.0,800.0,150.0,-1.0,0.175,-1.0,1.0,0.75,0.7,40.0,22.5,1.0,-1.0,-1.0,-1.0,50.0,50.0,-1.0,-1,-1,-1,-1,2.75,-1,-1,-1,-1.0,0.1,400.0,400.0,350.0,150.0,0.0,0.175,-1.0,-1.0,0.75,-1.0,30.0,17.5,1.0,-1.0,-1.0,-1.0,0.0,-1.0,-1.0,0,-1,-1,-1,0.0,-1,-1,-1,-1.0,-1.0,600.0,400.0,1000.0,150.0,-1.0,0.0,-1.0,1.0,0.75,-1.0,20.0,15.0,1.0,-1.0,-1.0,-1.0,57.5,-1.0,-1.0,0,-1,-1,-1,2.25,-1,-1,-1,-1.0
War Bow,,,,,,,,,,,,,,,,,,,,,,,,,,,,,,0.35,650.0,-1,-1,150.0,-1.0,0.175,-1.0,-1.0,0.75,-1.0,20.0,0.0,1.0,-1.0,-1.0,-1.0,45.0,50.0,50.0,-1,-1,-1,-1,0.0,-1,-1,-1,-1.0,0.35,250.0,400.0,700.0,150.0,0.0,0.175,-1.0,-1.0,0.75,-1.0,25.0,0.0,1.0,-1.0,-1.0,-1.0,40.0,50.0,50.0,-1,-1,-1,-1,0.0,-1,-1,-1,-1.0,0.35,700.0,-1,-1,150.0,-1.0,0.175,-1.0,-1.0,0.75,-1.0,30.0,0.0,1.0,-1.0,-1.0,-1.0,42.5,50.0,50.0,-1,-1,-1,-1,0.0,-1,-1,-1,-1.0,0.35,200.0,250.0,500.0,150.0,0.0,0.175,-1.0,-1.0,0.75,-1.0,25.0,0.0,1.0,-1.0,-1.0,-1.0,40.0,50.0,-1.0,0,-1,-1,-1,0.0,-1,-1,1,1.0,0.35,750.0,-1,-1,150.0,-1.0,0.175,-1.0,-1.0,0.75,-1.0,30.0,0.0,1.0,-1.0,-1.0,-1.0,42.5,50.0,-1.0,0,-1,-1,-1,0.0,-1,-1,1,1.0,0.35,-1,-1,800.0,150.0,-1.0,0.175,-1.0,1.0,0.75,0.7,30.0,22.5,1.0,-1.0,-1.0,-1.0,50.0,50.0,-1.0,-1,-1,-1,-1,2.75,-1,-1,-1,-1.0,0.1,450.0,400.0,200.0,150.0,0.0,0.175,-1.0,-1.0,0.75,-1.0,20.0,17.5,1.0,-1.0,-1.0,-1.0,0.0,-1.0,-1.0,0,-1,-1,-1,0.0,-1,-1,-1,-1.0,-1.0,600.0,400.0,1000.0,150.0,-1.0,-1.0,-1.0,1.0,0.75,-1.0,20.0,15.0,1.0,-1.0,-1.0,-1.0,57.5,-1.0,-1.0,0,-1,-1,-1,2.25,-1,-1,-1,-1.0
Heavy Crossbow,,,,,,,,,,,,,,,,,,,,,,,,,,,,,,0.35,650.0,-1,-1,150.0,-1.0,0.175,-1.0,-1.0,0.75,-1.0,20.0,0.0,1.0,-1.0,-1.0,-1.0,45.0,50.0,50.0,-1,-1,-1,-1,0.0,-1,-1,-1,-1.0,0.35,250.0,400.0,700.0,150.0,0.0,0.175,-1.0,-1.0,0.75,-1.0,25.0,0.0,1.0,-1.0,-1.0,-1.0,40.0,50.0,50.0,-1,-1,-1,-1,0.0,-1,-1,-1,-1.0,0.35,700.0,-1,-1,150.0,-1.0,0.175,-1.0,-1.0,0.75,-1.0,30.0,0.0,1.0,-1.0,-1.0,-1.0,42.5,50.0,50.0,-1,-1,-1,-1,0.0,-1,-1,-1,-1.0,0.35,200.0,250.0,500.0,150.0,0.0,0.175,-1.0,-1.0,0.75,-1.0,25.0,0.0,1.0,-1.0,-1.0,-1.0,40.0,50.0,-1.0,0,-1,-1,-1,0.0,-1,-1,1,1.0,0.35,750.0,-1,-1,150.0,-1.0,0.175,-1.0,-1.0,0.75,-1.0,30.0,0.0,1.0,-1.0,-1.0,-1.0,42.5,50.0,-1.0,0,-1,-1,-1,0.0,-1,-1,1,1.0,0.35,-1,-1,800.0,150.0,-1.0,0.175,-1.0,1.0,0.75,0.7,30.0,22.5,1.0,-1.0,-1.0,-1.0,50.0,50.0,-1.0,-1,-1,-1,-1,2.75,-1,-1,-1,-1.0,0.1,600.0,400.0,550.0,150.0,0.0,0.175,-1.0,-1.0,0.75,-1.0,30.0,17.5,1.0,-1.0,-1.0,-1.0,0.0,-1.0,-1.0,0,-1,-1,-1,0.0,-1,-1,-1,-1.0,-1.0,600.0,400.0,1000.0,150.0,-1.0,0.0,-1.0,1.0,0.75,-1.0,20.0,15.0,1.0,-1.0,-1.0,-1.0,57.5,-1.0,-1.0,0,-1,-1,-1,2.25,-1,-1,-1,-1.0
Throwing Knife,,,,,,,,,,,,,,,,,,,,,,,,,,,,,,,,,,,,,,,,,,,,,,,,,,,,,,,,,,,,,,,,,,,,,,,,,,,,,,,,,,,,,,,,,,,,,,,,,,,,,,,,,,,,,,,,,,,,,,,,,,,,,,,,,,,,,,,,,,,,,,,,,,,,,,,,,,,,,,,,,,,,,,,,,,,,,,,,,,,,,,,,,,,,,,,,,,,,,,,,,,,,0.4,400.0,350.0,300.0,150.0,0.0,0.175,-1.0,-1.0,0.75,-1.0,40.0,10.0,1.0,-1.0,-1.0,-1.0,0.0,-1.0,-1.0,0,-1,-1,-1,0.0,-1,-1,-1,-1.0,,,,,,,,,,,,,,,,,,,,,,,,,,,,,
Throwing Axe,0.35,150.0,400.0,800.0,250.0,0.15,0.175,-1.0,-1.0,0.75,-1.0,35.0,0.0,1.0,-1.0,-1.0,-1.0,40.0,50.0,50.0,1,-1,-1,-1,0.0,-1,-1,-1,-1.0,0.35,400.0,400.0,950.0,250.0,-1.0,0.175,-1.0,-1.0,0.75,-1.0,55.0,0.0,1.0,-1.0,-1.0,-1.0,45.0,50.0,50.0,1,-1,-1,-1,0.0,-1,-1,-1,-1.0,0.35,150.0,400.0,800.0,250.0,0.0,0.175,0.8,-1.0,0.75,-1.0,40.0,0.0,1.0,-1.0,-1.0,-1.0,40.0,50.0,50.0,1,-1,-1,-1,0.0,-1,-1,-1,-1.0,0.35,400.0,400.0,950.0,250.0,-1.0,0.175,-1.0,-1.0,0.75,-1.0,50.0,0.0,1.0,-1.0,-1.0,-1.0,42.5,50.0,50.0,1,-1,-1,-1,0.0,-1,-1,-1,-1.0,0.35,175.0,300.0,800.0,250.0,0.0,0.175,0.8,-1.0,0.75,-1.0,35.0,0.0,1.0,-1.0,-1.0,-1.0,40.0,50.0,-1.0,0,-1,-1,-1,0.0,-1,-1,-1,-1.0,0.35,425.0,350.0,950.0,250.0,-1.0,0.175,-1.0,-1.0,0.75,-1.0,45.0,0.0,1.0,-1.0,-1.0,-1.0,42.5,50.0,-1.0,0,-1,-1,-1,0.0,-1,-1,-1,-1.0,0.35,850.0,500.0,1000.0,200.0,0.95,0.175,-1.0,1.0,0.75,0.7,60.0,22.5,1.0,-1.0,-1.0,-1.0,50.0,50.0,-1.0,1,-1,-1,-1,2.75,-1,-1,-1,-1.0,0.4,300.0,500.0,300.0,150.0,0.0,0.175,-1.0,-1.0,0.75,-1.0,55.0,15.0,1.0,-1.0,-1.0,-1.0,0.0,-1.0,-1.0,0,-1,-1,-1,0.0,-1,-1,-1,-1.0,-1.0,600.0,400.0,1000.0,150.0,-1.0,0.0,-1.0,1.0,0.75,-1.0,60.0,15.0,1.0,-1.0,-1.0,-1.0,57.5,-1.0,-1.0,0,-1,-1,-1,2.25,-1,-1,-1,-1.0
Throwing Mallet,0.35,200.0,400.0,800.0,250.0,0.15,0.175,-1.0,-1.0,0.75,-1.0,35.0,0.0,1.0,-1.0,-1.0,-1.0,40.0,50.0,50.0,1,-1,-1,-1,0.0,-1,-1,-1,-1.0,0.35,450.0,400.0,950.0,250.0,-1.0,0.175,-1.0,-1.0,0.75,-1.0,55.0,0.0,1.0,-1.0,-1.0,-1.0,45.0,50.0,50.0,1,-1,-1,-1,0.0,-1,-1,-1,-1.0,0.35,200.0,400.0,800.0,250.0,0.0,0.175,0.8,-1.0,0.75,-1.0,40.0,0.0,1.0,-1.0,-1.0,-1.0,40.0,50.0,50.0,1,-1,-1,-1,0.0,-1,-1,-1,-1.0,0.35,450.0,400.0,950.0,250.0,-1.0,0.175,-1.0,-1.0,0.75,-1.0,50.0,0.0,1.0,-1.0,-1.0,-1.0,42.5,50.0,50.0,1,-1,-1,-1,0.0,-1,-1,-1,-1.0,0.35,200.0,300.0,800.0,250.0,0.0,0.175,0.8,-1.0,0.75,-1.0,35.0,0.0,1.0,-1.0,-1.0,-1.0,40.0,50.0,-1.0,0,-1,-1,-1,0.0,-1,-1,-1,-1.0,0.35,450.0,350.0,950.0,150.0,-1.0,0.175,-1.0,-1.0,0.75,-1.0,45.0,0.0,1.0,-1.0,-1.0,-1.0,42.5,50.0,-1.0,0,-1,-1,-1,0.0,-1,-1,-1,-1.0,0.35,850.0,500.0,850.0,200.0,0.95,0.175,-1.0,1.0,0.75,0.7,50.0,22.5,1.0,-1.0,-1.0,-1.0,50.0,50.0,-1.0,1,-1,-1,-1,2.75,-1,-1,-1,-1.0,0.4,300.0,375.0,300.0,150.0,0.0,0.175,-1.0,-1.0,0.75,-1.0,45.0,15.0,1.0,-1.0,-1.0,-1.0,0.0,-1.0,-1.0,0,-1,-1,-1,0.0,-1,-1,-1,-1.0,-1.0,600.0,400.0,1000.0,150.0,-1.0,0.0,-1.0,1.0,0.75,-1.0,50.0,15.0,1.0,-1.0,-1.0,-1.0,57.5,-1.0,-1.0,0,-1,-1,-1,2.25,-1,-1,-1,-1.0
Knife,0.35,100.0,400.0,750.0,250.0,0.15,0.175,-1.0,-1.0,0.75,-1.0,35.0,0.0,1.0,-1.0,-1.0,-1.0,40.0,50.0,50.0,1,-1,-1,-1,0.0,-1,-1,-1,-1.0,0.35,350.0,400.0,850.0,250.0,-1.0,0.175,-1.0,-1.0,0.75,-1.0,45.0,0.0,1.0,-1.0,-1.0,-1.0,45.0,50.0,50.0,1,-1,-1,-1,0.0,-1,-1,-1,-1.0,0.35,100.0,400.0,750.0,250.0,0.0,0.175,-1.0,-1.0,0.75,-1.0,45.0,0.0,1.0,-1.0,-1.0,-1.0,40.0,50.0,50.0,1,-1,-1,-1,0.0,-1,-1,-1,-1.0,0.35,350.0,400.0,850.0,250.0,-1.0,0.175,-1.0,-1.0,0.75,-1.0,55.0,0.0,1.0,-1.0,-1.0,-1.0,42.5,50.0,50.0,1,-1,-1,-1,0.0,-1,-1,-1,-1.0,0.35,175.0,300.0,750.0,250.0,0.0,0.175,-1.0,-1.0,0.75,-1.0,40.0,0.0,1.0,-1.0,-1.0,-1.0,40.0,50.0,-1.0,0,-1,-1,-1,0.0,-1,-1,-1,-1.0,0.35,425.0,350.0,850.0,250.0,-1.0,0.175,-1.0,-1.0,0.75,-1.0,50.0,0.0,1.0,-1.0,-1.0,-1.0,42.5,50.0,-1.0,0,-1,-1,-1,0.0,-1,-1,-1,-1.0,0.35,700.0,350.0,850.0,200.0,0.8,0.175,-1.0,1.0,0.75,0.7,60.0,22.5,1.0,-1.0,-1.0,-1.0,50.0,50.0,-1.0,1,-1,-1,-1,2.75,-1,-1,-1,-1.0,0.4,450.0,400.0,550.0,150.0,0.7,0.175,-1.0,-1.0,0.75,-1.0,40.0,15.0,1.0,-1.0,-1.0,-1.0,0.0,-1.0,-1.0,0,-1,-1,-1,0.0,-1,-1,-1,-1.0,-1.0,600.0,300.0,1000.0,150.0,-1.0,0.0,-1.0,1.0,0.75,-1.0,60.0,15.0,1.0,-1.0,-1.0,-1.0,57.5,-1.0,-1.0,0,-1,-1,-1,2.25,-1,-1,-1,-1.0
Dagger,0.35,100.0,400.0,750.0,250.0,0.15,0.175,-1.0,-1.0,0.75,-1.0,30.0,0.0,1.0,-1.0,-1.0,-1.0,40.0,50.0,50.0,1,-1,-1,-1,0.0,-1,-1,-1,-1.0,0.35,350.0,400.0,850.0,250.0,-1.0,0.175,-1.0,-1.0,0.75,-1.0,40.0,0.0,1.0,-1.0,-1.0,-1.0,45.0,50.0,50.0,1,-1,-1,-1,0.0,-1,-1,-1,-1.0,0.35,100.0,400.0,750.0,250.0,0.0,0.175,-1.0,-1.0,0.75,-1.0,40.0,0.0,1.0,-1.0,-1.0,-1.0,40.0,50.0,50.0,1,-1,-1,-1,0.0,-1,-1,-1,-1.0,0.35,350.0,400.0,850.0,250.0,-1.0,0.175,-1.0,-1.0,0.75,-1.0,50.0,0.0,1.0,-1.0,-1.0,-1.0,42.5,50.0,50.0,1,-1,-1,-1,0.0,-1,-1,-1,-1.0,0.35,165.0,300.0,750.0,250.0,0.0,0.175,-1.0,-1.0,0.75,-1.0,50.0,0.0,1.0,-1.0,-1.0,-1.0,40.0,50.0,-1.0,0,-1,-1,-1,0.0,-1,-1,-1,-1.0,0.35,415.0,350.0,850.0,250.0,-1.0,0.175,-1.0,-1.0,0.75,-1.0,70.0,0.0,1.0,-1.0,-1.0,-1.0,42.5,50.0,-1.0,0,-1,-1,-1,0.0,-1,-1,-1,-1.0,0.35,1100.0,350.0,850.0,200.0,1.2,0.175,-1.0,1.0,0.75,0.7,100.0,22.5,1.0,-1.0,-1.0,-1.0,45.0,50.0,-1.0,1,-1,-1,-1,2.75,-1,-1,-1,-1.0,0.4,450.0,400.0,550.0,150.0,0.7,0.175,-1.0,-1.0,0.75,-1.0,30.0,15.0,1.0,-1.0,-1.0,-1.0,0.0,-1.0,-1.0,0,-1,-1,-1,0.0,-1,-1,-1,-1.0,-1.0,600.0,300.0,1000.0,150.0,-1.0,0.0,-1.0,1.0,0.75,-1.0,80.0,15.0,1.0,-1.0,-1.0,-1.0,57.5,-1.0,-1.0,0,-1,-1,-1,2.25,-1,-1,-1,-1.0
Fists,0.35,50.0,400.0,750.0,100.0,0.15,0.175,-1.0,-1.0,0.75,-1.0,20.0,0.0,1.0,-1.0,-1.0,-1.0,40.0,50.0,50.0,1,-1,-1,-1,0.0,-1,-1,-1,-1.0,0.35,300.0,400.0,850.0,100.0,-1.0,0.175,-1.0,-1.0,0.75,-1.0,25.0,0.0,1.0,-1.0,-1.0,-1.0,45.0,50.0,50.0,1,-1,-1,-1,0.0,-1,-1,-1,-1.0,0.35,50.0,400.0,750.0,100.0,0.0,0.175,-1.0,-1.0,0.75,-1.0,25.0,0.0,1.0,-1.0,-1.0,-1.0,40.0,50.0,50.0,1,-1,-1,-1,0.0,-1,-1,-1,-1.0,0.35,300.0,400.0,850.0,100.0,-1.0,0.175,-1.0,-1.0,0.75,-1.0,33.0,0.0,1.0,-1.0,-1.0,-1.0,42.5,50.0,50.0,1,-1,-1,-1,0.0,-1,-1,-1,-1.0,0.35,50.0,300.0,750.0,100.0,0.0,0.175,-1.0,-1.0,0.75,-1.0,30.0,0.0,1.0,-1.0,-1.0,-1.0,40.0,50.0,-1.0,1,-1,-1,-1,0.0,-1,-1,-1,-1.0,0.35,350.0,350.0,850.0,100.0,-1.0,0.175,-1.0,-1.0,0.75,-1.0,33.0,0.0,1.0,-1.0,-1.0,-1.0,42.5,50.0,-1.0,1,-1,-1,-1,0.0,-1,-1,-1,-1.0,,,,,,,,,,,,,,,,,,,,,,,,,,,,,,,,,,,,,,,,,,,,,,,,,,,,,,,,,,,-1.0,600.0,400.0,1000.0,150.0,-1.0,0.0,-1.0,1.0,0.75,-1.0,40.0,15.0,1.0,-1.0,-1.0,-1.0,57.5,-1.0,-1.0,0,-1,-1,-1,2.25,-1,-1,-1,-1.0
Base Carryable_2h Loot,0.35,250.0,500.0,850.0,150.0,0.15,0.175,-1.0,-1.0,0.75,-1.0,20.0,0.0,1.0,-1.0,-1.0,-1.0,45.0,50.0,50.0,1,-1,-1,-1,0.0,-1,-1,-1,-1.0,0.35,600.0,550.0,1000.0,150.0,-1.0,0.175,-1.0,-1.0,0.75,-1.0,40.0,0.0,1.0,-1.0,-1.0,-1.0,45.0,50.0,50.0,1,-1,-1,-1,0.0,-1,-1,-1,-1.0,0.35,450.0,450.0,850.0,150.0,0.0,0.175,-1.0,-1.0,0.75,-1.0,25.0,0.0,1.0,-1.0,-1.0,-1.0,45.0,50.0,50.0,1,-1,-1,-1,0.0,-1,-1,-1,-1.0,0.35,800.0,500.0,1000.0,150.0,-1.0,0.175,-1.0,-1.0,0.75,-1.0,55.0,0.0,1.0,-1.0,-1.0,-1.0,45.0,50.0,50.0,1,-1,-1,-1,0.0,-1,-1,-1,-1.0,0.35,250.0,350.0,850.0,150.0,0.0,0.175,-1.0,-1.0,0.75,-1.0,25.0,0.0,1.0,-1.0,-1.0,-1.0,50.0,50.0,-1.0,1,-1,-1,-1,0.0,-1,-1,-1,-1.0,0.35,600.0,400.0,1000.0,150.0,-1.0,0.175,-1.0,-1.0,0.75,-1.0,50.0,0.0,1.0,-1.0,-1.0,-1.0,50.0,50.0,-1.0,1,-1,-1,-1,0.0,-1,-1,-1,-1.0,0.35,1000.0,550.0,1000.0,200.0,1.1,0.175,-1.0,1.0,0.75,0.7,50.0,22.5,1.0,-1.0,-1.0,-1.0,50.0,50.0,-1.0,1,-1,-1,-1,2.75,-1,-1,-1,-1.0,0.4,400.0,300.0,550.0,150.0,0.0,0.175,-1.0,-1.0,0.75,-1.0,50.0,25.0,1.0,-1.0,-1.0,-1.0,0.0,-1.0,-1.0,0,-1,-1,-1,0.0,-1,-1,-1,-1.0,,,,,,,,,,,,,,,,,,,,,,,,,,,,,
Base Carryable_ Two Handed,-1.0,-1,-1,-1,200.0,0.15,0.175,-1.0,-1.0,0.75,-1.0,30.0,0.0,1.0,-1.0,-1.0,-1.0,40.0,50.0,50.0,-1,-1,-1,-1,0.0,-1,-1,-1,-1.0,0.35,600.0,550.0,1000.0,150.0,-1.0,0.175,-1.0,-1.0,0.75,-1.0,25.0,0.0,1.0,-1.0,-1.0,-1.0,45.0,50.0,50.0,1,-1,-1,-1,0.0,-1,-1,-1,-1.0,0.35,450.0,450.0,850.0,150.0,0.0,0.175,-1.0,-1.0,0.75,-1.0,20.0,0.0,1.0,-1.0,-1.0,-1.0,45.0,50.0,50.0,1,-1,-1,-1,0.0,-1,-1,-1,-1.0,0.35,800.0,500.0,1000.0,150.0,-1.0,0.175,-1.0,-1.0,0.75,-1.0,30.0,0.0,1.0,-1.0,-1.0,-1.0,45.0,50.0,50.0,1,-1,-1,-1,0.0,-1,-1,-1,-1.0,0.35,250.0,350.0,850.0,150.0,0.0,0.175,-1.0,-1.0,0.75,-1.0,20.0,0.0,1.0,-1.0,-1.0,-1.0,50.0,50.0,-1.0,1,-1,-1,-1,0.0,-1,-1,-1,-1.0,0.35,600.0,400.0,1000.0,150.0,-1.0,0.175,-1.0,-1.0,0.75,-1.0,35.0,0.0,1.0,-1.0,-1.0,-1.0,50.0,50.0,-1.0,1,-1,-1,-1,0.0,-1,-1,-1,-1.0,0.35,1000.0,500.0,1000.0,200.0,1.1,0.175,-1.0,1.0,0.75,0.7,40.0,22.5,1.0,-1.0,-1.0,-1.0,50.0,50.0,-1.0,1,-1,-1,-1,2.75,-1,-1,-1,-1.0,0.25,350.0,300.0,550.0,150.0,0.0,0.175,-1.0,-1.0,0.75,-1.0,40.0,25.0,1.0,-1.0,-1.0,-1.0,0.0,-1.0,-1.0,0,-1,-1,-1,0.0,-1,-1,-1,-1.0,,,,,,,,,,,,,,,,,,,,,,,,,,,,,
Base Carryable_ One Handed,0.35,150.0,400.0,800.0,150.0,0.15,0.175,-1.0,-1.0,0.75,-1.0,15.0,0.0,1.0,-1.0,-1.0,-1.0,40.0,50.0,50.0,1,-1,-1,-1,0.0,-1,-1,-1,-1.0,0.35,500.0,450.0,950.0,150.0,-1.0,0.175,-1.0,-1.0,0.75,-1.0,25.0,0.0,1.0,-1.0,-1.0,-1.0,45.0,50.0,50.0,1,-1,-1,-1,0.0,-1,-1,-1,-1.0,0.35,150.0,400.0,800.0,150.0,0.0,0.175,-1.0,-1.0,0.75,-1.0,20.0,0.0,1.0,-1.0,-1.0,-1.0,40.0,50.0,50.0,1,-1,-1,-1,0.0,-1,-1,-1,-1.0,0.35,500.0,450.0,950.0,150.0,-1.0,0.175,-1.0,-1.0,0.75,-1.0,30.0,0.0,1.0,-1.0,-1.0,-1.0,42.5,50.0,50.0,1,-1,-1,-1,0.0,-1,-1,-1,-1.0,0.35,150.0,300.0,850.0,150.0,0.0,0.175,-1.0,-1.0,0.75,-1.0,20.0,0.0,1.0,-1.0,-1.0,-1.0,40.0,50.0,-1.0,1,-1,-1,-1,0.0,-1,-1,-1,-1.0,0.35,500.0,350.0,950.0,150.0,-1.0,0.175,-1.0,-1.0,0.75,-1.0,35.0,0.0,1.0,-1.0,-1.0,-1.0,42.5,50.0,-1.0,1,-1,-1,-1,0.0,-1,-1,-1,-1.0,-1.0,800.0,500.0,900.0,200.0,0.9,0.175,-1.0,1.0,0.75,0.7,40.0,22.5,1.0,-1.0,-1.0,-1.0,50.0,50.0,-1.0,1,-1,-1,-1,2.75,-1,-1,-1,-1.0,0.4,900.0,300.0,550.0,150.0,0.0,0.175,-1.0,-1.0,0.75,-1.0,25.0,17.5,1.0,-1.0,-1.0,-1.0,0.0,-1.0,-1.0,0,-1,-1,-1,0.0,-1,-1,-1,-1.0,,,,,,,,,,,,,,,,,,,,,,,,,,,,,
Base One Handed,-1.0,-1,-1,-1,150.0,0.15,0.175,-1.0,-1.0,0.75,-1.0,30.0,0.0,1.0,-1.0,-1.0,-1.0,40.0,52.0,50.0,-1,-1,-1,-1,0.0,-1,-1,-1,-1.0,-1.0,-1,-1,-1,150.0,-1.0,0.175,-1.0,-1.0,0.75,-1.0,45.0,0.0,1.0,-1.0,-1.0,-1.0,45.0,54.0,50.0,-1,-1,-1,-1,0.0,-1,-1,-1,-1.0,-1.0,-1,-1,-1,150.0,0.0,0.175,-1.0,-1.0,0.75,-1.0,40.0,0.0,1.0,-1.0,-1.0,-1.0,40.0,50.0,50.0,-1,-1,-1,-1,0.0,-1,-1,-1,-1.0,-1.0,-1,-1,-1,150.0,-1.0,0.175,-1.0,-1.0,0.75,-1.0,55.0,0.0,1.0,-1.0,-1.0,-1.0,42.5,50.0,50.0,-1,-1,-1,-1,0.0,-1,-1,-1,-1.0,-1.0,-1,-1,-1,200.0,0.0,0.175,-1.0,-1.0,0.75,-1.0,35.0,0.0,1.0,-1.0,-1.0,-1.0,40.0,50.0,-1.0,0,-1,-1,-1,0.0,-1,-1,-1,-1.0,-1.0,-1,-1,-1,200.0,-1.0,0.175,-1.0,-1.0,0.75,-1.0,45.0,0.0,1.0,-1.0,-1.0,-1.0,42.5,50.0,-1.0,0,-1,-1,-1,0.0,-1,-1,-1,-1.0,-1.0,-1,-1,-1,250.0,-1.0,0.175,-1.0,1.0,0.75,0.7,60.0,22.5,1.0,-1.0,-1.0,-1.0,55.0,50.0,-1.0,-1,-1,-1,-1,2.75,-1,-1,-1,-1.0,0.0,400.0,300.0,650.0,150.0,0.0,0.175,-1.0,-1.0,0.75,-1.0,30.0,17.5,1.0,-1.0,-1.0,-1.0,0.0,-1.0,-1.0,0,-1,-1,-1,0.0,-1,-1,-1,-1.0,,,,,,,,,,,,,,,,,,,,,,,,,,,,,
Base Two Handed,-1.0,-1,-1,-1,150.0,0.15,0.175,-1.0,-1.0,0.75,-1.0,30.0,0.0,1.0,-1.0,-1.0,-1.0,40.0,56.0,50.0,-1,-1,-1,-1,0.0,-1,-1,-1,-1.0,-1.0,-1,-1,-1,150.0,-1.0,0.175,-1.0,-1.0,0.75,-1.0,45.0,0.0,1.0,-1.0,-1.0,-1.0,45.0,60.0,50.0,-1,-1,-1,-1,0.0,-1,-1,-1,-1.0,-1.0,-1,-1,-1,150.0,0.0,0.175,-1.0,-1.0,0.75,-1.0,40.0,0.0,1.0,-1.0,-1.0,-1.0,40.0,50.0,50.0,-1,-1,-1,-1,0.0,-1,-1,-1,-1.0,-1.0,-1,-1,-1,150.0,-1.0,0.175,-1.0,-1.0,0.75,-1.0,55.0,0.0,1.0,-1.0,-1.0,-1.0,42.5,50.0,50.0,-1,-1,-1,-1,0.0,-1,-1,-1,-1.0,-1.0,-1,-1,-1,200.0,0.0,0.175,-1.0,-1.0,0.75,-1.0,35.0,0.0,1.0,-1.0,-1.0,-1.0,40.0,50.0,-1.0,0,-1,-1,-1,0.0,-1,-1,-1,-1.0,-1.0,-1,-1,-1,200.0,-1.0,0.175,-1.0,-1.0,0.75,-1.0,45.0,0.0,1.0,-1.0,-1.0,-1.0,42.5,50.0,-1.0,0,-1,-1,-1,0.0,-1,-1,-1,-1.0,-1.0,-1,-1,-1,250.0,-1.0,0.175,-1.0,1.0,0.75,0.7,60.0,22.5,1.0,-1.0,-1.0,-1.0,60.0,50.0,-1.0,-1,-1,-1,-1,2.75,-1,-1,-1,-1.0,0.0,400.0,300.0,650.0,150.0,0.0,0.175,-1.0,-1.0,0.75,-1.0,30.0,17.5,1.0,-1.0,-1.0,-1.0,0.0,-1.0,-1.0,0,-1,-1,-1,0.0,-1,-1,-1,-1.0,,,,,,,,,,,,,,,,,,,,,,,,,,,,,
Base Carryable_2h Breakable,-1.0,-1,-1,-1,150.0,0.15,0.175,-1.0,-1.0,0.75,-1.0,30.0,0.0,1.0,-1.0,-1.0,-1.0,40.0,56.0,50.0,1,-1,-1,-1,0.0,-1,-1,-1,-1.0,-1.0,-1,-1,-1,150.0,-1.0,0.175,-1.0,-1.0,0.75,-1.0,45.0,0.0,1.0,-1.0,-1.0,-1.0,45.0,60.0,50.0,1,-1,-1,-1,0.0,-1,-1,-1,-1.0,-1.0,-1,-1,-1,150.0,0.0,0.175,-1.0,-1.0,0.75,-1.0,40.0,0.0,1.0,-1.0,-1.0,-1.0,40.0,50.0,50.0,1,-1,-1,-1,0.0,-1,-1,-1,-1.0,-1.0,-1,-1,-1,150.0,-1.0,0.175,-1.0,-1.0,0.75,-1.0,55.0,0.0,1.0,-1.0,-1.0,-1.0,42.5,50.0,50.0,1,-1,-1,-1,0.0,-1,-1,-1,-1.0,-1.0,-1,-1,-1,200.0,0.0,0.175,-1.0,-1.0,0.75,-1.0,35.0,0.0,1.0,-1.0,-1.0,-1.0,40.0,50.0,-1.0,1,-1,-1,-1,0.0,-1,-1,-1,-1.0,-1.0,-1,-1,-1,200.0,-1.0,0.175,-1.0,-1.0,0.75,-1.0,45.0,0.0,1.0,-1.0,-1.0,-1.0,42.5,50.0,-1.0,0,-1,-1,-1,0.0,-1,-1,-1,-1.0,-1.0,-1,-1,-1,250.0,-1.0,0.175,-1.0,1.0,0.75,0.7,60.0,22.5,1.0,-1.0,-1.0,-1.0,50.0,50.0,-1.0,1,-1,-1,-1,2.75,-1,-1,-1,-1.0,0.0,400.0,300.0,650.0,150.0,0.0,0.175,-1.0,-1.0,0.75,-1.0,30.0,17.5,1.0,-1.0,-1.0,-1.0,0.0,-1.0,-1.0,0,-1,-1,-1,0.0,-1,-1,-1,-1.0,,,,,,,,,,,,,,,,,,,,,,,,,,,,,
Base Carryable_1h Breakable,-1.0,-1,-1,-1,150.0,0.15,0.175,-1.0,-1.0,0.75,-1.0,30.0,0.0,1.0,-1.0,-1.0,-1.0,40.0,56.0,50.0,1,-1,-1,-1,0.0,-1,-1,-1,-1.0,-1.0,-1,-1,-1,150.0,-1.0,0.175,-1.0,-1.0,0.75,-1.0,45.0,0.0,1.0,-1.0,-1.0,-1.0,45.0,60.0,50.0,1,-1,-1,-1,0.0,-1,-1,-1,-1.0,-1.0,-1,-1,-1,150.0,0.0,0.175,-1.0,-1.0,0.75,-1.0,40.0,0.0,1.0,-1.0,-1.0,-1.0,40.0,50.0,50.0,1,-1,-1,-1,0.0,-1,-1,-1,-1.0,-1.0,-1,-1,-1,150.0,-1.0,0.175,-1.0,-1.0,0.75,-1.0,55.0,0.0,1.0,-1.0,-1.0,-1.0,42.5,50.0,50.0,1,-1,-1,-1,0.0,-1,-1,-1,-1.0,-1.0,-1,-1,-1,200.0,0.0,0.175,-1.0,-1.0,0.75,-1.0,35.0,0.0,1.0,-1.0,-1.0,-1.0,40.0,50.0,-1.0,1,-1,-1,-1,0.0,-1,-1,-1,-1.0,-1.0,-1,-1,-1,200.0,-1.0,0.175,-1.0,-1.0,0.75,-1.0,45.0,0.0,1.0,-1.0,-1.0,-1.0,42.5,50.0,-1.0,1,-1,-1,-1,0.0,-1,-1,-1,-1.0,-1.0,-1,-1,-1,250.0,-1.0,0.175,-1.0,1.0,0.75,0.7,60.0,22.5,1.0,-1.0,-1.0,-1.0,50.0,50.0,-1.0,-1,-1,-1,-1,2.75,-1,-1,-1,-1.0,0.0,400.0,300.0,650.0,150.0,0.0,0.175,-1.0,-1.0,0.75,-1.0,30.0,17.5,1.0,-1.0,-1.0,-1.0,0.0,-1.0,-1.0,0,-1,-1,-1,0.0,-1,-1,-1,-1.0,,,,,,,,,,,,,,,,,,,,,,,,,,,,,
Carryable_ Candelabra,0.35,375.0,575.0,900.0,150.0,0.25,0.175,1.0,-1.0,0.75,-1.0,30.0,0.0,1.0,-1.0,-1.0,-1.0,40.0,50.0,50.0,-1,-1,-1,-1,0.0,-1,-1,-1,-1.0,0.35,625.0,600.0,1050.0,150.0,0.5,0.175,1.2,-1.0,0.75,-1.0,45.0,0.0,1.0,-1.0,-1.0,-1.0,45.0,50.0,50.0,-1,-1,-1,-1,0.0,-1,-1,-1,-1.0,0.35,400.0,525.0,950.0,150.0,0.25,0.175,1.0,-1.0,0.75,-1.0,40.0,0.0,1.0,-1.0,-1.0,-1.0,40.0,50.0,50.0,-1,-1,-1,-1,0.0,-1,-1,-1,-1.0,0.35,625.0,550.0,1050.0,150.0,0.5,0.175,1.2,-1.0,0.75,-1.0,55.0,0.0,1.0,-1.0,-1.0,-1.0,42.5,50.0,50.0,-1,-1,-1,-1,0.0,-1,-1,-1,-1.0,0.35,395.0,365.0,900.0,200.0,0.25,0.175,1.0,-1.0,0.75,-1.0,35.0,0.0,1.0,-1.0,-1.0,-1.0,40.0,50.0,-1.0,0,-1,-1,-1,0.0,-1,-1,-1,-1.0,0.35,615.0,375.0,1050.0,200.0,0.5,0.175,1.2,-1.0,0.75,-1.0,45.0,0.0,1.0,-1.0,-1.0,-1.0,42.5,50.0,-1.0,0,-1,-1,-1,0.0,-1,-1,-1,-1.0,0.35,1000.0,500.0,1300.0,200.0,1.1,0.175,-1.0,1.0,0.75,0.7,60.0,22.5,1.0,-1.0,-1.0,-1.0,50.0,50.0,-1.0,-1,-1,-1,-1,2.75,-1,-1,-1,-1.0,0.4,550.0,500.0,550.0,150.0,0.0,0.175,-1.0,-1.0,0.75,-1.0,30.0,17.5,1.0,-1.0,-1.0,-1.0,0.0,-1.0,-1.0,0,-1,-1,-1,0.0,-1,-1,-1,-1.0,,,,,,,,,,,,,,,,,,,,,,,,,,,,,
